FECHA_INGRESO,edo,RESULTADO
2020-03-15,CIUDAD DE MÉXICO,10
2020-03-15,GUANAJUATO,2
2020-03-15,HIDALGO,1
2020-03-15,JALISCO,2
2020-03-15,MÉXICO,10
2020-03-15,PUEBLA,3
2020-03-15,SONORA,1
2020-03-15,TAMAULIPAS,1
2020-03-15,VERACRUZ DE IGNACIO DE LA LLAVE,2
2020-03-15,YUCATÁN,4
2020-03-16,BAJA CALIFORNIA,1
2020-03-16,CIUDAD DE MÉXICO,26
2020-03-16,COAHUILA DE ZARAGOZA,1
2020-03-16,COLIMA,1
2020-03-16,GUANAJUATO,2
2020-03-16,GUERRERO,2
2020-03-16,JALISCO,12
2020-03-16,MÉXICO,6
2020-03-16,NUEVO LEÓN,6
2020-03-16,PUEBLA,2
2020-03-16,QUINTANA ROO,3
2020-03-16,SAN LUIS POTOSÍ,1
2020-03-16,SINALOA,1
2020-03-16,TAMAULIPAS,1
2020-03-16,YUCATÁN,2
2020-03-16,ZACATECAS,1
2020-03-17,AGUASCALIENTES,1
2020-03-17,BAJA CALIFORNIA,3
2020-03-17,CIUDAD DE MÉXICO,34
2020-03-17,COAHUILA DE ZARAGOZA,2
2020-03-17,DURANGO,1
2020-03-17,GUERRERO,5
2020-03-17,HIDALGO,2
2020-03-17,JALISCO,6
2020-03-17,MORELOS,1
2020-03-17,MÉXICO,7
2020-03-17,NUEVO LEÓN,6
2020-03-17,PUEBLA,3
2020-03-17,QUERÉTARO,2
2020-03-17,QUINTANA ROO,4
2020-03-17,SAN LUIS POTOSÍ,5
2020-03-17,SINALOA,1
2020-03-17,SONORA,1
2020-03-17,TABASCO,1
2020-03-17,YUCATÁN,6
2020-03-18,AGUASCALIENTES,3
2020-03-18,BAJA CALIFORNIA,4
2020-03-18,BAJA CALIFORNIA SUR,1
2020-03-18,CHIAPAS,1
2020-03-18,CHIHUAHUA,1
2020-03-18,CIUDAD DE MÉXICO,31
2020-03-18,COAHUILA DE ZARAGOZA,2
2020-03-18,DURANGO,1
2020-03-18,GUANAJUATO,1
2020-03-18,GUERRERO,1
2020-03-18,JALISCO,17
2020-03-18,MICHOACÁN DE OCAMPO,1
2020-03-18,MORELOS,1
2020-03-18,MÉXICO,6
2020-03-18,NAYARIT,1
2020-03-18,NUEVO LEÓN,9
2020-03-18,PUEBLA,3
2020-03-18,QUERÉTARO,2
2020-03-18,QUINTANA ROO,2
2020-03-18,SAN LUIS POTOSÍ,1
2020-03-18,TABASCO,3
2020-03-18,VERACRUZ DE IGNACIO DE LA LLAVE,7
2020-03-19,AGUASCALIENTES,1
2020-03-19,BAJA CALIFORNIA,5
2020-03-19,CHIHUAHUA,1
2020-03-19,CIUDAD DE MÉXICO,39
2020-03-19,COAHUILA DE ZARAGOZA,3
2020-03-19,GUANAJUATO,1
2020-03-19,JALISCO,10
2020-03-19,MICHOACÁN DE OCAMPO,1
2020-03-19,MÉXICO,12
2020-03-19,NAYARIT,1
2020-03-19,NUEVO LEÓN,4
2020-03-19,OAXACA,1
2020-03-19,PUEBLA,5
2020-03-19,QUERÉTARO,3
2020-03-19,QUINTANA ROO,5
2020-03-19,SAN LUIS POTOSÍ,3
2020-03-19,SINALOA,2
2020-03-19,TABASCO,2
2020-03-19,TAMAULIPAS,1
2020-03-19,VERACRUZ DE IGNACIO DE LA LLAVE,5
2020-03-19,YUCATÁN,2
2020-03-20,AGUASCALIENTES,2
2020-03-20,BAJA CALIFORNIA,6
2020-03-20,BAJA CALIFORNIA SUR,1
2020-03-20,CHIHUAHUA,3
2020-03-20,CIUDAD DE MÉXICO,24
2020-03-20,COAHUILA DE ZARAGOZA,4
2020-03-20,GUANAJUATO,4
2020-03-20,HIDALGO,3
2020-03-20,JALISCO,5
2020-03-20,MICHOACÁN DE OCAMPO,2
2020-03-20,MORELOS,1
2020-03-20,MÉXICO,10
2020-03-20,NUEVO LEÓN,12
2020-03-20,OAXACA,1
2020-03-20,PUEBLA,5
2020-03-20,QUINTANA ROO,1
2020-03-20,SAN LUIS POTOSÍ,3
2020-03-20,SINALOA,1
2020-03-20,SONORA,1
2020-03-20,TABASCO,2
2020-03-20,TAMAULIPAS,1
2020-03-20,VERACRUZ DE IGNACIO DE LA LLAVE,1
2020-03-20,YUCATÁN,6
2020-03-20,ZACATECAS,1
2020-03-21,AGUASCALIENTES,1
2020-03-21,BAJA CALIFORNIA,3
2020-03-21,BAJA CALIFORNIA SUR,1
2020-03-21,CHIHUAHUA,1
2020-03-21,CIUDAD DE MÉXICO,12
2020-03-21,DURANGO,1
2020-03-21,GUANAJUATO,11
2020-03-21,GUERRERO,1
2020-03-21,HIDALGO,3
2020-03-21,JALISCO,1
2020-03-21,MICHOACÁN DE OCAMPO,5
2020-03-21,MORELOS,1
2020-03-21,MÉXICO,5
2020-03-21,NUEVO LEÓN,4
2020-03-21,OAXACA,1
2020-03-21,PUEBLA,4
2020-03-21,QUERÉTARO,1
2020-03-21,QUINTANA ROO,3
2020-03-21,SAN LUIS POTOSÍ,4
2020-03-21,SONORA,1
2020-03-21,VERACRUZ DE IGNACIO DE LA LLAVE,1
2020-03-21,ZACATECAS,1
2020-03-22,AGUASCALIENTES,1
2020-03-22,BAJA CALIFORNIA,2
2020-03-22,CHIHUAHUA,1
2020-03-22,CIUDAD DE MÉXICO,11
2020-03-22,GUANAJUATO,1
2020-03-22,JALISCO,3
2020-03-22,MÉXICO,5
2020-03-22,NUEVO LEÓN,4
2020-03-22,OAXACA,1
2020-03-22,PUEBLA,2
2020-03-22,QUINTANA ROO,4
2020-03-22,SAN LUIS POTOSÍ,1
2020-03-22,SINALOA,1
2020-03-22,TAMAULIPAS,2
2020-03-22,YUCATÁN,8
2020-03-22,ZACATECAS,1
2020-03-23,AGUASCALIENTES,4
2020-03-23,BAJA CALIFORNIA,10
2020-03-23,BAJA CALIFORNIA SUR,4
2020-03-23,CAMPECHE,1
2020-03-23,CHIAPAS,3
2020-03-23,CIUDAD DE MÉXICO,25
2020-03-23,COAHUILA DE ZARAGOZA,1
2020-03-23,DURANGO,1
2020-03-23,GUANAJUATO,6
2020-03-23,GUERRERO,1
2020-03-23,HIDALGO,1
2020-03-23,JALISCO,8
2020-03-23,MICHOACÁN DE OCAMPO,3
2020-03-23,MORELOS,2
2020-03-23,MÉXICO,15
2020-03-23,NAYARIT,2
2020-03-23,NUEVO LEÓN,5
2020-03-23,OAXACA,2
2020-03-23,PUEBLA,8
2020-03-23,QUERÉTARO,3
2020-03-23,QUINTANA ROO,4
2020-03-23,SAN LUIS POTOSÍ,2
2020-03-23,SINALOA,2
2020-03-23,SONORA,3
2020-03-23,TABASCO,3
2020-03-23,TAMAULIPAS,1
2020-03-23,TLAXCALA,1
2020-03-23,VERACRUZ DE IGNACIO DE LA LLAVE,4
2020-03-23,YUCATÁN,5
2020-03-24,BAJA CALIFORNIA,9
2020-03-24,BAJA CALIFORNIA SUR,2
2020-03-24,CHIHUAHUA,1
2020-03-24,CIUDAD DE MÉXICO,34
2020-03-24,COAHUILA DE ZARAGOZA,6
2020-03-24,COLIMA,1
2020-03-24,DURANGO,1
2020-03-24,GUANAJUATO,1
2020-03-24,HIDALGO,1
2020-03-24,JALISCO,7
2020-03-24,MICHOACÁN DE OCAMPO,3
2020-03-24,MORELOS,3
2020-03-24,MÉXICO,23
2020-03-24,NAYARIT,3
2020-03-24,NUEVO LEÓN,5
2020-03-24,OAXACA,1
2020-03-24,PUEBLA,15
2020-03-24,QUERÉTARO,4
2020-03-24,QUINTANA ROO,9
2020-03-24,SINALOA,6
2020-03-24,SONORA,4
2020-03-24,TABASCO,12
2020-03-24,TAMAULIPAS,1
2020-03-24,TLAXCALA,1
2020-03-24,VERACRUZ DE IGNACIO DE LA LLAVE,2
2020-03-24,YUCATÁN,8
2020-03-24,ZACATECAS,1
2020-03-25,AGUASCALIENTES,17
2020-03-25,BAJA CALIFORNIA,7
2020-03-25,CHIAPAS,2
2020-03-25,CHIHUAHUA,2
2020-03-25,CIUDAD DE MÉXICO,25
2020-03-25,DURANGO,1
2020-03-25,GUANAJUATO,4
2020-03-25,GUERRERO,3
2020-03-25,HIDALGO,5
2020-03-25,JALISCO,7
2020-03-25,MICHOACÁN DE OCAMPO,2
2020-03-25,MÉXICO,25
2020-03-25,OAXACA,3
2020-03-25,PUEBLA,6
2020-03-25,QUERÉTARO,2
2020-03-25,QUINTANA ROO,11
2020-03-25,SINALOA,8
2020-03-25,SONORA,3
2020-03-25,TABASCO,3
2020-03-25,VERACRUZ DE IGNACIO DE LA LLAVE,2
2020-03-25,YUCATÁN,3
2020-03-26,AGUASCALIENTES,3
2020-03-26,BAJA CALIFORNIA,11
2020-03-26,BAJA CALIFORNIA SUR,2
2020-03-26,CAMPECHE,1
2020-03-26,CHIHUAHUA,2
2020-03-26,CIUDAD DE MÉXICO,51
2020-03-26,COAHUILA DE ZARAGOZA,3
2020-03-26,GUANAJUATO,6
2020-03-26,GUERRERO,4
2020-03-26,HIDALGO,4
2020-03-26,JALISCO,6
2020-03-26,MICHOACÁN DE OCAMPO,3
2020-03-26,MÉXICO,28
2020-03-26,NUEVO LEÓN,1
2020-03-26,OAXACA,3
2020-03-26,PUEBLA,14
2020-03-26,QUERÉTARO,1
2020-03-26,QUINTANA ROO,9
2020-03-26,SAN LUIS POTOSÍ,1
2020-03-26,SINALOA,9
2020-03-26,SONORA,1
2020-03-26,TABASCO,5
2020-03-26,VERACRUZ DE IGNACIO DE LA LLAVE,5
2020-03-27,AGUASCALIENTES,6
2020-03-27,BAJA CALIFORNIA,16
2020-03-27,BAJA CALIFORNIA SUR,4
2020-03-27,CAMPECHE,3
2020-03-27,CHIAPAS,5
2020-03-27,CHIHUAHUA,2
2020-03-27,CIUDAD DE MÉXICO,39
2020-03-27,COAHUILA DE ZARAGOZA,4
2020-03-27,GUANAJUATO,5
2020-03-27,GUERRERO,3
2020-03-27,HIDALGO,4
2020-03-27,JALISCO,7
2020-03-27,MICHOACÁN DE OCAMPO,1
2020-03-27,MÉXICO,43
2020-03-27,NUEVO LEÓN,8
2020-03-27,OAXACA,1
2020-03-27,PUEBLA,9
2020-03-27,QUERÉTARO,4
2020-03-27,QUINTANA ROO,7
2020-03-27,SAN LUIS POTOSÍ,6
2020-03-27,SINALOA,9
2020-03-27,SONORA,5
2020-03-27,TABASCO,11
2020-03-27,TAMAULIPAS,1
2020-03-27,TLAXCALA,1
2020-03-27,VERACRUZ DE IGNACIO DE LA LLAVE,1
2020-03-27,YUCATÁN,2
2020-03-27,ZACATECAS,4
2020-03-28,AGUASCALIENTES,5
2020-03-28,BAJA CALIFORNIA,7
2020-03-28,BAJA CALIFORNIA SUR,4
2020-03-28,CHIAPAS,1
2020-03-28,CHIHUAHUA,2
2020-03-28,CIUDAD DE MÉXICO,48
2020-03-28,COAHUILA DE ZARAGOZA,4
2020-03-28,GUANAJUATO,4
2020-03-28,GUERRERO,3
2020-03-28,JALISCO,2
2020-03-28,MICHOACÁN DE OCAMPO,1
2020-03-28,MORELOS,3
2020-03-28,MÉXICO,27
2020-03-28,NAYARIT,1
2020-03-28,NUEVO LEÓN,2
2020-03-28,OAXACA,1
2020-03-28,PUEBLA,13
2020-03-28,QUERÉTARO,2
2020-03-28,QUINTANA ROO,7
2020-03-28,SINALOA,5
2020-03-28,SONORA,4
2020-03-28,TABASCO,1
2020-03-28,TAMAULIPAS,3
2020-03-28,TLAXCALA,2
2020-03-28,VERACRUZ DE IGNACIO DE LA LLAVE,1
2020-03-28,YUCATÁN,4
2020-03-28,ZACATECAS,1
2020-03-29,AGUASCALIENTES,3
2020-03-29,BAJA CALIFORNIA,21
2020-03-29,BAJA CALIFORNIA SUR,1
2020-03-29,CAMPECHE,1
2020-03-29,CHIHUAHUA,5
2020-03-29,CIUDAD DE MÉXICO,35
2020-03-29,COAHUILA DE ZARAGOZA,8
2020-03-29,GUANAJUATO,1
2020-03-29,GUERRERO,1
2020-03-29,HIDALGO,2
2020-03-29,JALISCO,2
2020-03-29,MICHOACÁN DE OCAMPO,3
2020-03-29,MORELOS,1
2020-03-29,MÉXICO,18
2020-03-29,NUEVO LEÓN,3
2020-03-29,OAXACA,2
2020-03-29,PUEBLA,4
2020-03-29,QUERÉTARO,1
2020-03-29,QUINTANA ROO,3
2020-03-29,SAN LUIS POTOSÍ,6
2020-03-29,SINALOA,6
2020-03-29,TABASCO,9
2020-03-29,TAMAULIPAS,3
2020-03-29,VERACRUZ DE IGNACIO DE LA LLAVE,1
2020-03-29,YUCATÁN,2
2020-03-30,AGUASCALIENTES,4
2020-03-30,BAJA CALIFORNIA,29
2020-03-30,BAJA CALIFORNIA SUR,13
2020-03-30,CHIAPAS,2
2020-03-30,CHIHUAHUA,3
2020-03-30,CIUDAD DE MÉXICO,77
2020-03-30,COAHUILA DE ZARAGOZA,18
2020-03-30,COLIMA,1
2020-03-30,DURANGO,2
2020-03-30,GUANAJUATO,4
2020-03-30,GUERRERO,2
2020-03-30,HIDALGO,7
2020-03-30,JALISCO,7
2020-03-30,MORELOS,1
2020-03-30,MÉXICO,50
2020-03-30,NUEVO LEÓN,4
2020-03-30,OAXACA,2
2020-03-30,PUEBLA,14
2020-03-30,QUERÉTARO,1
2020-03-30,QUINTANA ROO,21
2020-03-30,SAN LUIS POTOSÍ,3
2020-03-30,SINALOA,11
2020-03-30,SONORA,1
2020-03-30,TABASCO,10
2020-03-30,TAMAULIPAS,4
2020-03-30,TLAXCALA,1
2020-03-30,VERACRUZ DE IGNACIO DE LA LLAVE,4
2020-03-30,YUCATÁN,10
2020-03-31,AGUASCALIENTES,1
2020-03-31,BAJA CALIFORNIA,44
2020-03-31,BAJA CALIFORNIA SUR,7
2020-03-31,CHIAPAS,2
2020-03-31,CHIHUAHUA,5
2020-03-31,CIUDAD DE MÉXICO,51
2020-03-31,COAHUILA DE ZARAGOZA,14
2020-03-31,COLIMA,1
2020-03-31,DURANGO,2
2020-03-31,GUANAJUATO,2
2020-03-31,GUERRERO,4
2020-03-31,HIDALGO,7
2020-03-31,JALISCO,7
2020-03-31,MICHOACÁN DE OCAMPO,4
2020-03-31,MORELOS,1
2020-03-31,MÉXICO,34
2020-03-31,NAYARIT,2
2020-03-31,OAXACA,6
2020-03-31,PUEBLA,21
2020-03-31,QUERÉTARO,4
2020-03-31,QUINTANA ROO,14
2020-03-31,SAN LUIS POTOSÍ,2
2020-03-31,SINALOA,15
2020-03-31,SONORA,5
2020-03-31,TABASCO,11
2020-03-31,TAMAULIPAS,5
2020-03-31,VERACRUZ DE IGNACIO DE LA LLAVE,2
2020-03-31,YUCATÁN,4
2020-04-01,BAJA CALIFORNIA,65
2020-04-01,BAJA CALIFORNIA SUR,5
2020-04-01,CHIAPAS,4
2020-04-01,CHIHUAHUA,7
2020-04-01,CIUDAD DE MÉXICO,55
2020-04-01,COAHUILA DE ZARAGOZA,17
2020-04-01,COLIMA,2
2020-04-01,DURANGO,1
2020-04-01,GUANAJUATO,1
2020-04-01,GUERRERO,3
2020-04-01,HIDALGO,5
2020-04-01,JALISCO,2
2020-04-01,MICHOACÁN DE OCAMPO,4
2020-04-01,MORELOS,3
2020-04-01,MÉXICO,49
2020-04-01,OAXACA,1
2020-04-01,PUEBLA,14
2020-04-01,QUERÉTARO,3
2020-04-01,QUINTANA ROO,23
2020-04-01,SINALOA,14
2020-04-01,SONORA,1
2020-04-01,TABASCO,9
2020-04-01,TAMAULIPAS,8
2020-04-01,TLAXCALA,4
2020-04-01,VERACRUZ DE IGNACIO DE LA LLAVE,10
2020-04-01,YUCATÁN,9
2020-04-02,BAJA CALIFORNIA,29
2020-04-02,BAJA CALIFORNIA SUR,11
2020-04-02,CAMPECHE,2
2020-04-02,CHIAPAS,2
2020-04-02,CHIHUAHUA,6
2020-04-02,CIUDAD DE MÉXICO,71
2020-04-02,COAHUILA DE ZARAGOZA,18
2020-04-02,GUANAJUATO,2
2020-04-02,GUERRERO,1
2020-04-02,HIDALGO,1
2020-04-02,JALISCO,8
2020-04-02,MICHOACÁN DE OCAMPO,1
2020-04-02,MORELOS,8
2020-04-02,MÉXICO,48
2020-04-02,NUEVO LEÓN,5
2020-04-02,PUEBLA,18
2020-04-02,QUERÉTARO,1
2020-04-02,QUINTANA ROO,11
2020-04-02,SINALOA,28
2020-04-02,SONORA,3
2020-04-02,TABASCO,15
2020-04-02,TAMAULIPAS,1
2020-04-02,TLAXCALA,1
2020-04-02,VERACRUZ DE IGNACIO DE LA LLAVE,6
2020-04-02,YUCATÁN,2
2020-04-02,ZACATECAS,1
2020-04-03,AGUASCALIENTES,2
2020-04-03,BAJA CALIFORNIA,38
2020-04-03,BAJA CALIFORNIA SUR,16
2020-04-03,CAMPECHE,1
2020-04-03,CHIAPAS,5
2020-04-03,CHIHUAHUA,5
2020-04-03,CIUDAD DE MÉXICO,79
2020-04-03,COAHUILA DE ZARAGOZA,22
2020-04-03,GUANAJUATO,5
2020-04-03,GUERRERO,1
2020-04-03,HIDALGO,3
2020-04-03,JALISCO,10
2020-04-03,MICHOACÁN DE OCAMPO,6
2020-04-03,MORELOS,1
2020-04-03,MÉXICO,48
2020-04-03,NAYARIT,1
2020-04-03,NUEVO LEÓN,2
2020-04-03,OAXACA,3
2020-04-03,PUEBLA,13
2020-04-03,QUERÉTARO,4
2020-04-03,QUINTANA ROO,13
2020-04-03,SINALOA,10
2020-04-03,SONORA,1
2020-04-03,TABASCO,20
2020-04-03,TAMAULIPAS,9
2020-04-03,VERACRUZ DE IGNACIO DE LA LLAVE,8
2020-04-03,YUCATÁN,9
2020-04-04,BAJA CALIFORNIA,24
2020-04-04,BAJA CALIFORNIA SUR,5
2020-04-04,CHIAPAS,1
2020-04-04,CHIHUAHUA,9
2020-04-04,CIUDAD DE MÉXICO,56
2020-04-04,COAHUILA DE ZARAGOZA,11
2020-04-04,GUANAJUATO,3
2020-04-04,GUERRERO,2
2020-04-04,HIDALGO,2
2020-04-04,JALISCO,2
2020-04-04,MICHOACÁN DE OCAMPO,2
2020-04-04,MORELOS,3
2020-04-04,MÉXICO,34
2020-04-04,NAYARIT,4
2020-04-04,NUEVO LEÓN,3
2020-04-04,OAXACA,2
2020-04-04,PUEBLA,10
2020-04-04,QUERÉTARO,1
2020-04-04,QUINTANA ROO,9
2020-04-04,SAN LUIS POTOSÍ,3
2020-04-04,SINALOA,12
2020-04-04,SONORA,7
2020-04-04,TABASCO,3
2020-04-04,TAMAULIPAS,3
2020-04-04,TLAXCALA,2
2020-04-04,VERACRUZ DE IGNACIO DE LA LLAVE,2
2020-04-04,YUCATÁN,2
2020-04-04,ZACATECAS,1
2020-04-05,AGUASCALIENTES,3
2020-04-05,BAJA CALIFORNIA,20
2020-04-05,BAJA CALIFORNIA SUR,5
2020-04-05,CAMPECHE,3
2020-04-05,CHIAPAS,1
2020-04-05,CHIHUAHUA,12
2020-04-05,CIUDAD DE MÉXICO,54
2020-04-05,COAHUILA DE ZARAGOZA,4
2020-04-05,GUANAJUATO,3
2020-04-05,GUERRERO,3
2020-04-05,HIDALGO,2
2020-04-05,JALISCO,2
2020-04-05,MICHOACÁN DE OCAMPO,2
2020-04-05,MORELOS,3
2020-04-05,MÉXICO,40
2020-04-05,NAYARIT,2
2020-04-05,NUEVO LEÓN,1
2020-04-05,OAXACA,2
2020-04-05,PUEBLA,6
2020-04-05,QUINTANA ROO,10
2020-04-05,SAN LUIS POTOSÍ,2
2020-04-05,SINALOA,15
2020-04-05,SONORA,2
2020-04-05,TABASCO,9
2020-04-05,TAMAULIPAS,4
2020-04-05,TLAXCALA,6
2020-04-05,VERACRUZ DE IGNACIO DE LA LLAVE,2
2020-04-05,YUCATÁN,5
2020-04-05,ZACATECAS,1
2020-04-06,AGUASCALIENTES,4
2020-04-06,BAJA CALIFORNIA,68
2020-04-06,BAJA CALIFORNIA SUR,23
2020-04-06,CAMPECHE,2
2020-04-06,CHIAPAS,5
2020-04-06,CHIHUAHUA,10
2020-04-06,CIUDAD DE MÉXICO,117
2020-04-06,COAHUILA DE ZARAGOZA,26
2020-04-06,DURANGO,1
2020-04-06,GUANAJUATO,7
2020-04-06,GUERRERO,8
2020-04-06,HIDALGO,3
2020-04-06,JALISCO,4
2020-04-06,MICHOACÁN DE OCAMPO,6
2020-04-06,MORELOS,8
2020-04-06,MÉXICO,82
2020-04-06,NAYARIT,2
2020-04-06,NUEVO LEÓN,10
2020-04-06,OAXACA,5
2020-04-06,PUEBLA,23
2020-04-06,QUERÉTARO,4
2020-04-06,QUINTANA ROO,32
2020-04-06,SAN LUIS POTOSÍ,3
2020-04-06,SINALOA,27
2020-04-06,SONORA,11
2020-04-06,TABASCO,7
2020-04-06,TAMAULIPAS,10
2020-04-06,TLAXCALA,8
2020-04-06,VERACRUZ DE IGNACIO DE LA LLAVE,6
2020-04-06,YUCATÁN,12
2020-04-06,ZACATECAS,1
2020-04-07,AGUASCALIENTES,1
2020-04-07,BAJA CALIFORNIA,40
2020-04-07,BAJA CALIFORNIA SUR,24
2020-04-07,CHIAPAS,2
2020-04-07,CHIHUAHUA,7
2020-04-07,CIUDAD DE MÉXICO,127
2020-04-07,COAHUILA DE ZARAGOZA,8
2020-04-07,GUANAJUATO,6
2020-04-07,GUERRERO,11
2020-04-07,HIDALGO,3
2020-04-07,JALISCO,6
2020-04-07,MICHOACÁN DE OCAMPO,6
2020-04-07,MORELOS,6
2020-04-07,MÉXICO,71
2020-04-07,NAYARIT,2
2020-04-07,NUEVO LEÓN,7
2020-04-07,PUEBLA,12
2020-04-07,QUERÉTARO,5
2020-04-07,QUINTANA ROO,21
2020-04-07,SAN LUIS POTOSÍ,5
2020-04-07,SINALOA,20
2020-04-07,SONORA,10
2020-04-07,TABASCO,13
2020-04-07,TAMAULIPAS,6
2020-04-07,TLAXCALA,7
2020-04-07,VERACRUZ DE IGNACIO DE LA LLAVE,11
2020-04-07,YUCATÁN,13
2020-04-08,AGUASCALIENTES,1
2020-04-08,BAJA CALIFORNIA,59
2020-04-08,BAJA CALIFORNIA SUR,24
2020-04-08,CHIAPAS,5
2020-04-08,CHIHUAHUA,10
2020-04-08,CIUDAD DE MÉXICO,125
2020-04-08,COAHUILA DE ZARAGOZA,18
2020-04-08,GUANAJUATO,8
2020-04-08,GUERRERO,6
2020-04-08,HIDALGO,1
2020-04-08,JALISCO,9
2020-04-08,MICHOACÁN DE OCAMPO,4
2020-04-08,MORELOS,6
2020-04-08,MÉXICO,89
2020-04-08,NAYARIT,2
2020-04-08,NUEVO LEÓN,9
2020-04-08,OAXACA,5
2020-04-08,PUEBLA,20
2020-04-08,QUERÉTARO,3
2020-04-08,QUINTANA ROO,26
2020-04-08,SAN LUIS POTOSÍ,2
2020-04-08,SINALOA,29
2020-04-08,SONORA,11
2020-04-08,TABASCO,17
2020-04-08,TAMAULIPAS,3
2020-04-08,TLAXCALA,6
2020-04-08,VERACRUZ DE IGNACIO DE LA LLAVE,5
2020-04-08,YUCATÁN,9
2020-04-08,ZACATECAS,2
2020-04-09,BAJA CALIFORNIA,58
2020-04-09,BAJA CALIFORNIA SUR,25
2020-04-09,CAMPECHE,2
2020-04-09,CHIAPAS,3
2020-04-09,CHIHUAHUA,8
2020-04-09,CIUDAD DE MÉXICO,127
2020-04-09,COAHUILA DE ZARAGOZA,7
2020-04-09,DURANGO,1
2020-04-09,GUANAJUATO,2
2020-04-09,GUERRERO,7
2020-04-09,JALISCO,5
2020-04-09,MICHOACÁN DE OCAMPO,9
2020-04-09,MORELOS,6
2020-04-09,MÉXICO,56
2020-04-09,NAYARIT,2
2020-04-09,NUEVO LEÓN,1
2020-04-09,OAXACA,1
2020-04-09,PUEBLA,11
2020-04-09,QUERÉTARO,3
2020-04-09,QUINTANA ROO,8
2020-04-09,SAN LUIS POTOSÍ,4
2020-04-09,SINALOA,12
2020-04-09,SONORA,5
2020-04-09,TABASCO,11
2020-04-09,TAMAULIPAS,5
2020-04-09,TLAXCALA,1
2020-04-09,VERACRUZ DE IGNACIO DE LA LLAVE,12
2020-04-09,YUCATÁN,11
2020-04-09,ZACATECAS,2
2020-04-10,AGUASCALIENTES,3
2020-04-10,BAJA CALIFORNIA,49
2020-04-10,BAJA CALIFORNIA SUR,9
2020-04-10,CAMPECHE,1
2020-04-10,CHIAPAS,3
2020-04-10,CHIHUAHUA,12
2020-04-10,CIUDAD DE MÉXICO,147
2020-04-10,COAHUILA DE ZARAGOZA,11
2020-04-10,GUANAJUATO,2
2020-04-10,GUERRERO,5
2020-04-10,HIDALGO,7
2020-04-10,JALISCO,8
2020-04-10,MICHOACÁN DE OCAMPO,3
2020-04-10,MORELOS,3
2020-04-10,MÉXICO,88
2020-04-10,NUEVO LEÓN,21
2020-04-10,OAXACA,2
2020-04-10,PUEBLA,8
2020-04-10,QUERÉTARO,2
2020-04-10,QUINTANA ROO,22
2020-04-10,SAN LUIS POTOSÍ,1
2020-04-10,SINALOA,33
2020-04-10,SONORA,5
2020-04-10,TABASCO,15
2020-04-10,TAMAULIPAS,9
2020-04-10,TLAXCALA,5
2020-04-10,VERACRUZ DE IGNACIO DE LA LLAVE,9
2020-04-10,YUCATÁN,4
2020-04-11,AGUASCALIENTES,1
2020-04-11,BAJA CALIFORNIA,34
2020-04-11,BAJA CALIFORNIA SUR,7
2020-04-11,CAMPECHE,5
2020-04-11,CHIAPAS,1
2020-04-11,CHIHUAHUA,12
2020-04-11,CIUDAD DE MÉXICO,111
2020-04-11,COAHUILA DE ZARAGOZA,8
2020-04-11,COLIMA,1
2020-04-11,DURANGO,1
2020-04-11,GUANAJUATO,4
2020-04-11,GUERRERO,5
2020-04-11,HIDALGO,3
2020-04-11,JALISCO,5
2020-04-11,MICHOACÁN DE OCAMPO,2
2020-04-11,MORELOS,2
2020-04-11,MÉXICO,76
2020-04-11,NAYARIT,2
2020-04-11,NUEVO LEÓN,8
2020-04-11,OAXACA,1
2020-04-11,PUEBLA,14
2020-04-11,QUERÉTARO,3
2020-04-11,QUINTANA ROO,17
2020-04-11,SAN LUIS POTOSÍ,3
2020-04-11,SINALOA,23
2020-04-11,SONORA,5
2020-04-11,TABASCO,19
2020-04-11,TAMAULIPAS,4
2020-04-11,TLAXCALA,6
2020-04-11,VERACRUZ DE IGNACIO DE LA LLAVE,14
2020-04-11,YUCATÁN,6
2020-04-11,ZACATECAS,2
2020-04-12,AGUASCALIENTES,2
2020-04-12,BAJA CALIFORNIA,44
2020-04-12,BAJA CALIFORNIA SUR,5
2020-04-12,CAMPECHE,2
2020-04-12,CHIHUAHUA,9
2020-04-12,CIUDAD DE MÉXICO,115
2020-04-12,COAHUILA DE ZARAGOZA,6
2020-04-12,COLIMA,2
2020-04-12,GUANAJUATO,1
2020-04-12,GUERRERO,12
2020-04-12,HIDALGO,4
2020-04-12,JALISCO,5
2020-04-12,MICHOACÁN DE OCAMPO,4
2020-04-12,MORELOS,4
2020-04-12,MÉXICO,85
2020-04-12,NAYARIT,4
2020-04-12,NUEVO LEÓN,15
2020-04-12,OAXACA,2
2020-04-12,PUEBLA,4
2020-04-12,QUERÉTARO,1
2020-04-12,QUINTANA ROO,22
2020-04-12,SINALOA,22
2020-04-12,SONORA,3
2020-04-12,TABASCO,27
2020-04-12,TAMAULIPAS,9
2020-04-12,TLAXCALA,2
2020-04-12,VERACRUZ DE IGNACIO DE LA LLAVE,9
2020-04-12,YUCATÁN,7
2020-04-12,ZACATECAS,1
2020-04-13,AGUASCALIENTES,7
2020-04-13,BAJA CALIFORNIA,81
2020-04-13,BAJA CALIFORNIA SUR,14
2020-04-13,CAMPECHE,2
2020-04-13,CHIAPAS,5
2020-04-13,CHIHUAHUA,17
2020-04-13,CIUDAD DE MÉXICO,267
2020-04-13,COAHUILA DE ZARAGOZA,15
2020-04-13,GUANAJUATO,4
2020-04-13,GUERRERO,17
2020-04-13,HIDALGO,7
2020-04-13,JALISCO,10
2020-04-13,MICHOACÁN DE OCAMPO,12
2020-04-13,MORELOS,9
2020-04-13,MÉXICO,152
2020-04-13,NAYARIT,4
2020-04-13,NUEVO LEÓN,20
2020-04-13,OAXACA,5
2020-04-13,PUEBLA,22
2020-04-13,QUERÉTARO,8
2020-04-13,QUINTANA ROO,22
2020-04-13,SAN LUIS POTOSÍ,1
2020-04-13,SINALOA,46
2020-04-13,SONORA,16
2020-04-13,TABASCO,30
2020-04-13,TAMAULIPAS,13
2020-04-13,TLAXCALA,5
2020-04-13,VERACRUZ DE IGNACIO DE LA LLAVE,14
2020-04-13,YUCATÁN,18
2020-04-14,AGUASCALIENTES,2
2020-04-14,BAJA CALIFORNIA,103
2020-04-14,BAJA CALIFORNIA SUR,17
2020-04-14,CAMPECHE,4
2020-04-14,CHIAPAS,5
2020-04-14,CHIHUAHUA,13
2020-04-14,CIUDAD DE MÉXICO,246
2020-04-14,COAHUILA DE ZARAGOZA,16
2020-04-14,GUANAJUATO,4
2020-04-14,GUERRERO,7
2020-04-14,HIDALGO,9
2020-04-14,JALISCO,4
2020-04-14,MICHOACÁN DE OCAMPO,16
2020-04-14,MORELOS,10
2020-04-14,MÉXICO,159
2020-04-14,NAYARIT,2
2020-04-14,NUEVO LEÓN,18
2020-04-14,OAXACA,4
2020-04-14,PUEBLA,14
2020-04-14,QUERÉTARO,8
2020-04-14,QUINTANA ROO,18
2020-04-14,SAN LUIS POTOSÍ,1
2020-04-14,SINALOA,49
2020-04-14,SONORA,6
2020-04-14,TABASCO,47
2020-04-14,TAMAULIPAS,19
2020-04-14,TLAXCALA,7
2020-04-14,VERACRUZ DE IGNACIO DE LA LLAVE,13
2020-04-14,YUCATÁN,18
2020-04-14,ZACATECAS,1
2020-04-15,AGUASCALIENTES,11
2020-04-15,BAJA CALIFORNIA,102
2020-04-15,BAJA CALIFORNIA SUR,5
2020-04-15,CAMPECHE,3
2020-04-15,CHIAPAS,6
2020-04-15,CHIHUAHUA,18
2020-04-15,CIUDAD DE MÉXICO,225
2020-04-15,COAHUILA DE ZARAGOZA,16
2020-04-15,COLIMA,1
2020-04-15,DURANGO,2
2020-04-15,GUANAJUATO,13
2020-04-15,GUERRERO,5
2020-04-15,HIDALGO,4
2020-04-15,JALISCO,11
2020-04-15,MICHOACÁN DE OCAMPO,9
2020-04-15,MORELOS,10
2020-04-15,MÉXICO,174
2020-04-15,NAYARIT,2
2020-04-15,NUEVO LEÓN,6
2020-04-15,OAXACA,7
2020-04-15,PUEBLA,24
2020-04-15,QUERÉTARO,2
2020-04-15,QUINTANA ROO,21
2020-04-15,SAN LUIS POTOSÍ,2
2020-04-15,SINALOA,47
2020-04-15,SONORA,13
2020-04-15,TABASCO,38
2020-04-15,TAMAULIPAS,16
2020-04-15,TLAXCALA,4
2020-04-15,VERACRUZ DE IGNACIO DE LA LLAVE,30
2020-04-15,YUCATÁN,27
2020-04-15,ZACATECAS,6
2020-04-16,AGUASCALIENTES,6
2020-04-16,BAJA CALIFORNIA,85
2020-04-16,BAJA CALIFORNIA SUR,9
2020-04-16,CAMPECHE,4
2020-04-16,CHIAPAS,3
2020-04-16,CHIHUAHUA,24
2020-04-16,CIUDAD DE MÉXICO,249
2020-04-16,COAHUILA DE ZARAGOZA,4
2020-04-16,COLIMA,2
2020-04-16,DURANGO,2
2020-04-16,GUANAJUATO,14
2020-04-16,GUERRERO,11
2020-04-16,HIDALGO,5
2020-04-16,JALISCO,8
2020-04-16,MICHOACÁN DE OCAMPO,8
2020-04-16,MORELOS,8
2020-04-16,MÉXICO,180
2020-04-16,NAYARIT,3
2020-04-16,NUEVO LEÓN,12
2020-04-16,OAXACA,5
2020-04-16,PUEBLA,19
2020-04-16,QUERÉTARO,6
2020-04-16,QUINTANA ROO,32
2020-04-16,SAN LUIS POTOSÍ,2
2020-04-16,SINALOA,40
2020-04-16,SONORA,8
2020-04-16,TABASCO,44
2020-04-16,TAMAULIPAS,28
2020-04-16,TLAXCALA,7
2020-04-16,VERACRUZ DE IGNACIO DE LA LLAVE,39
2020-04-16,YUCATÁN,12
2020-04-16,ZACATECAS,3
2020-04-17,AGUASCALIENTES,15
2020-04-17,BAJA CALIFORNIA,98
2020-04-17,BAJA CALIFORNIA SUR,6
2020-04-17,CAMPECHE,3
2020-04-17,CHIAPAS,10
2020-04-17,CHIHUAHUA,16
2020-04-17,CIUDAD DE MÉXICO,327
2020-04-17,COAHUILA DE ZARAGOZA,9
2020-04-17,COLIMA,2
2020-04-17,GUANAJUATO,29
2020-04-17,GUERRERO,13
2020-04-17,HIDALGO,9
2020-04-17,JALISCO,14
2020-04-17,MICHOACÁN DE OCAMPO,14
2020-04-17,MORELOS,11
2020-04-17,MÉXICO,148
2020-04-17,NAYARIT,4
2020-04-17,NUEVO LEÓN,9
2020-04-17,OAXACA,8
2020-04-17,PUEBLA,29
2020-04-17,QUERÉTARO,5
2020-04-17,QUINTANA ROO,34
2020-04-17,SAN LUIS POTOSÍ,7
2020-04-17,SINALOA,38
2020-04-17,SONORA,10
2020-04-17,TABASCO,57
2020-04-17,TAMAULIPAS,31
2020-04-17,TLAXCALA,6
2020-04-17,VERACRUZ DE IGNACIO DE LA LLAVE,35
2020-04-17,YUCATÁN,15
2020-04-17,ZACATECAS,2
2020-04-18,AGUASCALIENTES,12
2020-04-18,BAJA CALIFORNIA,46
2020-04-18,BAJA CALIFORNIA SUR,4
2020-04-18,CAMPECHE,6
2020-04-18,CHIAPAS,4
2020-04-18,CHIHUAHUA,16
2020-04-18,CIUDAD DE MÉXICO,197
2020-04-18,COAHUILA DE ZARAGOZA,7
2020-04-18,COLIMA,1
2020-04-18,DURANGO,2
2020-04-18,GUANAJUATO,10
2020-04-18,GUERRERO,8
2020-04-18,HIDALGO,6
2020-04-18,JALISCO,7
2020-04-18,MICHOACÁN DE OCAMPO,7
2020-04-18,MORELOS,9
2020-04-18,MÉXICO,156
2020-04-18,NAYARIT,3
2020-04-18,NUEVO LEÓN,6
2020-04-18,OAXACA,6
2020-04-18,PUEBLA,23
2020-04-18,QUERÉTARO,2
2020-04-18,QUINTANA ROO,42
2020-04-18,SAN LUIS POTOSÍ,1
2020-04-18,SINALOA,31
2020-04-18,SONORA,14
2020-04-18,TABASCO,48
2020-04-18,TAMAULIPAS,14
2020-04-18,TLAXCALA,4
2020-04-18,VERACRUZ DE IGNACIO DE LA LLAVE,18
2020-04-18,YUCATÁN,6
2020-04-18,ZACATECAS,7
2020-04-19,AGUASCALIENTES,3
2020-04-19,BAJA CALIFORNIA,44
2020-04-19,BAJA CALIFORNIA SUR,8
2020-04-19,CAMPECHE,2
2020-04-19,CHIAPAS,7
2020-04-19,CHIHUAHUA,16
2020-04-19,CIUDAD DE MÉXICO,185
2020-04-19,COAHUILA DE ZARAGOZA,9
2020-04-19,COLIMA,1
2020-04-19,DURANGO,10
2020-04-19,GUANAJUATO,10
2020-04-19,GUERRERO,6
2020-04-19,HIDALGO,14
2020-04-19,JALISCO,3
2020-04-19,MICHOACÁN DE OCAMPO,8
2020-04-19,MORELOS,18
2020-04-19,MÉXICO,150
2020-04-19,NAYARIT,2
2020-04-19,NUEVO LEÓN,2
2020-04-19,OAXACA,3
2020-04-19,PUEBLA,17
2020-04-19,QUERÉTARO,2
2020-04-19,QUINTANA ROO,23
2020-04-19,SINALOA,31
2020-04-19,SONORA,7
2020-04-19,TABASCO,40
2020-04-19,TAMAULIPAS,8
2020-04-19,TLAXCALA,10
2020-04-19,VERACRUZ DE IGNACIO DE LA LLAVE,18
2020-04-19,YUCATÁN,7
2020-04-19,ZACATECAS,1
2020-04-20,AGUASCALIENTES,17
2020-04-20,BAJA CALIFORNIA,110
2020-04-20,BAJA CALIFORNIA SUR,7
2020-04-20,CAMPECHE,5
2020-04-20,CHIAPAS,9
2020-04-20,CHIHUAHUA,35
2020-04-20,CIUDAD DE MÉXICO,443
2020-04-20,COAHUILA DE ZARAGOZA,9
2020-04-20,COLIMA,1
2020-04-20,DURANGO,4
2020-04-20,GUANAJUATO,14
2020-04-20,GUERRERO,16
2020-04-20,HIDALGO,16
2020-04-20,JALISCO,9
2020-04-20,MICHOACÁN DE OCAMPO,28
2020-04-20,MORELOS,27
2020-04-20,MÉXICO,252
2020-04-20,NAYARIT,1
2020-04-20,NUEVO LEÓN,11
2020-04-20,OAXACA,6
2020-04-20,PUEBLA,28
2020-04-20,QUERÉTARO,6
2020-04-20,QUINTANA ROO,44
2020-04-20,SAN LUIS POTOSÍ,1
2020-04-20,SINALOA,62
2020-04-20,SONORA,7
2020-04-20,TABASCO,73
2020-04-20,TAMAULIPAS,25
2020-04-20,TLAXCALA,8
2020-04-20,VERACRUZ DE IGNACIO DE LA LLAVE,36
2020-04-20,YUCATÁN,26
2020-04-20,ZACATECAS,9
2020-04-21,AGUASCALIENTES,13
2020-04-21,BAJA CALIFORNIA,106
2020-04-21,BAJA CALIFORNIA SUR,12
2020-04-21,CAMPECHE,7
2020-04-21,CHIAPAS,9
2020-04-21,CHIHUAHUA,30
2020-04-21,CIUDAD DE MÉXICO,431
2020-04-21,COAHUILA DE ZARAGOZA,19
2020-04-21,COLIMA,1
2020-04-21,DURANGO,4
2020-04-21,GUANAJUATO,10
2020-04-21,GUERRERO,7
2020-04-21,HIDALGO,11
2020-04-21,JALISCO,16
2020-04-21,MICHOACÁN DE OCAMPO,12
2020-04-21,MORELOS,18
2020-04-21,MÉXICO,269
2020-04-21,NAYARIT,4
2020-04-21,NUEVO LEÓN,17
2020-04-21,OAXACA,4
2020-04-21,PUEBLA,21
2020-04-21,QUERÉTARO,2
2020-04-21,QUINTANA ROO,42
2020-04-21,SAN LUIS POTOSÍ,3
2020-04-21,SINALOA,46
2020-04-21,SONORA,14
2020-04-21,TABASCO,84
2020-04-21,TAMAULIPAS,18
2020-04-21,TLAXCALA,10
2020-04-21,VERACRUZ DE IGNACIO DE LA LLAVE,46
2020-04-21,YUCATÁN,20
2020-04-21,ZACATECAS,2
2020-04-22,AGUASCALIENTES,10
2020-04-22,BAJA CALIFORNIA,93
2020-04-22,BAJA CALIFORNIA SUR,4
2020-04-22,CAMPECHE,6
2020-04-22,CHIAPAS,11
2020-04-22,CHIHUAHUA,33
2020-04-22,CIUDAD DE MÉXICO,399
2020-04-22,COAHUILA DE ZARAGOZA,14
2020-04-22,COLIMA,1
2020-04-22,DURANGO,2
2020-04-22,GUANAJUATO,13
2020-04-22,GUERRERO,13
2020-04-22,HIDALGO,15
2020-04-22,JALISCO,25
2020-04-22,MICHOACÁN DE OCAMPO,12
2020-04-22,MORELOS,29
2020-04-22,MÉXICO,243
2020-04-22,NAYARIT,4
2020-04-22,NUEVO LEÓN,16
2020-04-22,OAXACA,10
2020-04-22,PUEBLA,27
2020-04-22,QUERÉTARO,7
2020-04-22,QUINTANA ROO,34
2020-04-22,SAN LUIS POTOSÍ,3
2020-04-22,SINALOA,48
2020-04-22,SONORA,17
2020-04-22,TABASCO,65
2020-04-22,TAMAULIPAS,27
2020-04-22,TLAXCALA,7
2020-04-22,VERACRUZ DE IGNACIO DE LA LLAVE,30
2020-04-22,YUCATÁN,22
2020-04-22,ZACATECAS,2
2020-04-23,AGUASCALIENTES,20
2020-04-23,BAJA CALIFORNIA,109
2020-04-23,BAJA CALIFORNIA SUR,9
2020-04-23,CAMPECHE,7
2020-04-23,CHIAPAS,15
2020-04-23,CHIHUAHUA,52
2020-04-23,CIUDAD DE MÉXICO,343
2020-04-23,COAHUILA DE ZARAGOZA,10
2020-04-23,COLIMA,3
2020-04-23,DURANGO,2
2020-04-23,GUANAJUATO,9
2020-04-23,GUERRERO,19
2020-04-23,HIDALGO,19
2020-04-23,JALISCO,19
2020-04-23,MICHOACÁN DE OCAMPO,19
2020-04-23,MORELOS,28
2020-04-23,MÉXICO,257
2020-04-23,NAYARIT,6
2020-04-23,NUEVO LEÓN,6
2020-04-23,OAXACA,8
2020-04-23,PUEBLA,31
2020-04-23,QUERÉTARO,9
2020-04-23,QUINTANA ROO,47
2020-04-23,SAN LUIS POTOSÍ,5
2020-04-23,SINALOA,70
2020-04-23,SONORA,6
2020-04-23,TABASCO,62
2020-04-23,TAMAULIPAS,33
2020-04-23,TLAXCALA,12
2020-04-23,VERACRUZ DE IGNACIO DE LA LLAVE,51
2020-04-23,YUCATÁN,34
2020-04-23,ZACATECAS,8
2020-04-24,AGUASCALIENTES,11
2020-04-24,BAJA CALIFORNIA,86
2020-04-24,BAJA CALIFORNIA SUR,13
2020-04-24,CAMPECHE,4
2020-04-24,CHIAPAS,13
2020-04-24,CHIHUAHUA,39
2020-04-24,CIUDAD DE MÉXICO,508
2020-04-24,COAHUILA DE ZARAGOZA,13
2020-04-24,COLIMA,2
2020-04-24,DURANGO,2
2020-04-24,GUANAJUATO,12
2020-04-24,GUERRERO,25
2020-04-24,HIDALGO,18
2020-04-24,JALISCO,32
2020-04-24,MICHOACÁN DE OCAMPO,22
2020-04-24,MORELOS,27
2020-04-24,MÉXICO,295
2020-04-24,NAYARIT,4
2020-04-24,NUEVO LEÓN,6
2020-04-24,OAXACA,15
2020-04-24,PUEBLA,38
2020-04-24,QUERÉTARO,10
2020-04-24,QUINTANA ROO,23
2020-04-24,SAN LUIS POTOSÍ,4
2020-04-24,SINALOA,74
2020-04-24,SONORA,19
2020-04-24,TABASCO,65
2020-04-24,TAMAULIPAS,25
2020-04-24,TLAXCALA,15
2020-04-24,VERACRUZ DE IGNACIO DE LA LLAVE,48
2020-04-24,YUCATÁN,33
2020-04-24,ZACATECAS,5
2020-04-25,AGUASCALIENTES,1
2020-04-25,BAJA CALIFORNIA,44
2020-04-25,BAJA CALIFORNIA SUR,5
2020-04-25,CAMPECHE,6
2020-04-25,CHIAPAS,9
2020-04-25,CHIHUAHUA,30
2020-04-25,CIUDAD DE MÉXICO,244
2020-04-25,COAHUILA DE ZARAGOZA,3
2020-04-25,COLIMA,1
2020-04-25,DURANGO,5
2020-04-25,GUANAJUATO,11
2020-04-25,GUERRERO,13
2020-04-25,HIDALGO,23
2020-04-25,JALISCO,9
2020-04-25,MICHOACÁN DE OCAMPO,27
2020-04-25,MORELOS,13
2020-04-25,MÉXICO,183
2020-04-25,NAYARIT,3
2020-04-25,NUEVO LEÓN,5
2020-04-25,OAXACA,7
2020-04-25,PUEBLA,39
2020-04-25,QUERÉTARO,1
2020-04-25,QUINTANA ROO,31
2020-04-25,SAN LUIS POTOSÍ,8
2020-04-25,SINALOA,46
2020-04-25,SONORA,9
2020-04-25,TABASCO,43
2020-04-25,TAMAULIPAS,39
2020-04-25,TLAXCALA,21
2020-04-25,VERACRUZ DE IGNACIO DE LA LLAVE,44
2020-04-25,YUCATÁN,24
2020-04-25,ZACATECAS,4
2020-04-26,AGUASCALIENTES,7
2020-04-26,BAJA CALIFORNIA,67
2020-04-26,BAJA CALIFORNIA SUR,8
2020-04-26,CAMPECHE,8
2020-04-26,CHIAPAS,12
2020-04-26,CHIHUAHUA,21
2020-04-26,CIUDAD DE MÉXICO,221
2020-04-26,COAHUILA DE ZARAGOZA,4
2020-04-26,DURANGO,8
2020-04-26,GUANAJUATO,7
2020-04-26,GUERRERO,18
2020-04-26,HIDALGO,18
2020-04-26,JALISCO,9
2020-04-26,MICHOACÁN DE OCAMPO,20
2020-04-26,MORELOS,26
2020-04-26,MÉXICO,195
2020-04-26,NAYARIT,6
2020-04-26,NUEVO LEÓN,8
2020-04-26,OAXACA,13
2020-04-26,PUEBLA,23
2020-04-26,QUERÉTARO,2
2020-04-26,QUINTANA ROO,32
2020-04-26,SAN LUIS POTOSÍ,3
2020-04-26,SINALOA,38
2020-04-26,SONORA,15
2020-04-26,TABASCO,41
2020-04-26,TAMAULIPAS,34
2020-04-26,TLAXCALA,13
2020-04-26,VERACRUZ DE IGNACIO DE LA LLAVE,30
2020-04-26,YUCATÁN,20
2020-04-26,ZACATECAS,3
2020-04-27,AGUASCALIENTES,17
2020-04-27,BAJA CALIFORNIA,112
2020-04-27,BAJA CALIFORNIA SUR,10
2020-04-27,CAMPECHE,4
2020-04-27,CHIAPAS,21
2020-04-27,CHIHUAHUA,51
2020-04-27,CIUDAD DE MÉXICO,491
2020-04-27,COAHUILA DE ZARAGOZA,24
2020-04-27,COLIMA,2
2020-04-27,DURANGO,5
2020-04-27,GUANAJUATO,26
2020-04-27,GUERRERO,26
2020-04-27,HIDALGO,23
2020-04-27,JALISCO,22
2020-04-27,MICHOACÁN DE OCAMPO,32
2020-04-27,MORELOS,43
2020-04-27,MÉXICO,322
2020-04-27,NAYARIT,11
2020-04-27,NUEVO LEÓN,20
2020-04-27,OAXACA,9
2020-04-27,PUEBLA,33
2020-04-27,QUERÉTARO,3
2020-04-27,QUINTANA ROO,44
2020-04-27,SAN LUIS POTOSÍ,15
2020-04-27,SINALOA,78
2020-04-27,SONORA,33
2020-04-27,TABASCO,59
2020-04-27,TAMAULIPAS,26
2020-04-27,TLAXCALA,15
2020-04-27,VERACRUZ DE IGNACIO DE LA LLAVE,68
2020-04-27,YUCATÁN,37
2020-04-27,ZACATECAS,4
2020-04-28,AGUASCALIENTES,28
2020-04-28,BAJA CALIFORNIA,96
2020-04-28,BAJA CALIFORNIA SUR,4
2020-04-28,CAMPECHE,6
2020-04-28,CHIAPAS,9
2020-04-28,CHIHUAHUA,52
2020-04-28,CIUDAD DE MÉXICO,533
2020-04-28,COAHUILA DE ZARAGOZA,16
2020-04-28,DURANGO,3
2020-04-28,GUANAJUATO,17
2020-04-28,GUERRERO,27
2020-04-28,HIDALGO,22
2020-04-28,JALISCO,14
2020-04-28,MICHOACÁN DE OCAMPO,29
2020-04-28,MORELOS,25
2020-04-28,MÉXICO,321
2020-04-28,NAYARIT,13
2020-04-28,NUEVO LEÓN,27
2020-04-28,OAXACA,17
2020-04-28,PUEBLA,42
2020-04-28,QUERÉTARO,8
2020-04-28,QUINTANA ROO,42
2020-04-28,SAN LUIS POTOSÍ,17
2020-04-28,SINALOA,51
2020-04-28,SONORA,15
2020-04-28,TABASCO,58
2020-04-28,TAMAULIPAS,41
2020-04-28,TLAXCALA,25
2020-04-28,VERACRUZ DE IGNACIO DE LA LLAVE,74
2020-04-28,YUCATÁN,42
2020-04-28,ZACATECAS,10
2020-04-29,AGUASCALIENTES,18
2020-04-29,BAJA CALIFORNIA,108
2020-04-29,BAJA CALIFORNIA SUR,4
2020-04-29,CAMPECHE,8
2020-04-29,CHIAPAS,18
2020-04-29,CHIHUAHUA,58
2020-04-29,CIUDAD DE MÉXICO,561
2020-04-29,COAHUILA DE ZARAGOZA,13
2020-04-29,DURANGO,8
2020-04-29,GUANAJUATO,14
2020-04-29,GUERRERO,31
2020-04-29,HIDALGO,26
2020-04-29,JALISCO,22
2020-04-29,MICHOACÁN DE OCAMPO,23
2020-04-29,MORELOS,38
2020-04-29,MÉXICO,304
2020-04-29,NAYARIT,5
2020-04-29,NUEVO LEÓN,23
2020-04-29,OAXACA,12
2020-04-29,PUEBLA,44
2020-04-29,QUERÉTARO,12
2020-04-29,QUINTANA ROO,38
2020-04-29,SAN LUIS POTOSÍ,9
2020-04-29,SINALOA,56
2020-04-29,SONORA,18
2020-04-29,TABASCO,50
2020-04-29,TAMAULIPAS,35
2020-04-29,TLAXCALA,8
2020-04-29,VERACRUZ DE IGNACIO DE LA LLAVE,74
2020-04-29,YUCATÁN,31
2020-04-29,ZACATECAS,9
2020-04-30,AGUASCALIENTES,25
2020-04-30,BAJA CALIFORNIA,90
2020-04-30,BAJA CALIFORNIA SUR,14
2020-04-30,CAMPECHE,8
2020-04-30,CHIAPAS,14
2020-04-30,CHIHUAHUA,59
2020-04-30,CIUDAD DE MÉXICO,530
2020-04-30,COAHUILA DE ZARAGOZA,21
2020-04-30,COLIMA,3
2020-04-30,DURANGO,2
2020-04-30,GUANAJUATO,16
2020-04-30,GUERRERO,18
2020-04-30,HIDALGO,30
2020-04-30,JALISCO,26
2020-04-30,MICHOACÁN DE OCAMPO,26
2020-04-30,MORELOS,33
2020-04-30,MÉXICO,286
2020-04-30,NAYARIT,13
2020-04-30,NUEVO LEÓN,27
2020-04-30,OAXACA,12
2020-04-30,PUEBLA,44
2020-04-30,QUERÉTARO,6
2020-04-30,QUINTANA ROO,34
2020-04-30,SAN LUIS POTOSÍ,10
2020-04-30,SINALOA,64
2020-04-30,SONORA,28
2020-04-30,TABASCO,84
2020-04-30,TAMAULIPAS,18
2020-04-30,TLAXCALA,15
2020-04-30,VERACRUZ DE IGNACIO DE LA LLAVE,63
2020-04-30,YUCATÁN,60
2020-04-30,ZACATECAS,4
2020-05-01,AGUASCALIENTES,4
2020-05-01,BAJA CALIFORNIA,90
2020-05-01,BAJA CALIFORNIA SUR,2
2020-05-01,CAMPECHE,6
2020-05-01,CHIAPAS,18
2020-05-01,CHIHUAHUA,41
2020-05-01,CIUDAD DE MÉXICO,325
2020-05-01,COAHUILA DE ZARAGOZA,15
2020-05-01,COLIMA,1
2020-05-01,DURANGO,6
2020-05-01,GUANAJUATO,14
2020-05-01,GUERRERO,13
2020-05-01,HIDALGO,25
2020-05-01,JALISCO,15
2020-05-01,MICHOACÁN DE OCAMPO,24
2020-05-01,MORELOS,23
2020-05-01,MÉXICO,250
2020-05-01,NAYARIT,7
2020-05-01,NUEVO LEÓN,27
2020-05-01,OAXACA,15
2020-05-01,PUEBLA,35
2020-05-01,QUERÉTARO,8
2020-05-01,QUINTANA ROO,32
2020-05-01,SAN LUIS POTOSÍ,14
2020-05-01,SINALOA,58
2020-05-01,SONORA,23
2020-05-01,TABASCO,53
2020-05-01,TAMAULIPAS,30
2020-05-01,TLAXCALA,9
2020-05-01,VERACRUZ DE IGNACIO DE LA LLAVE,66
2020-05-01,YUCATÁN,26
2020-05-01,ZACATECAS,7
2020-05-02,AGUASCALIENTES,4
2020-05-02,BAJA CALIFORNIA,77
2020-05-02,BAJA CALIFORNIA SUR,9
2020-05-02,CAMPECHE,11
2020-05-02,CHIAPAS,10
2020-05-02,CHIHUAHUA,41
2020-05-02,CIUDAD DE MÉXICO,318
2020-05-02,COAHUILA DE ZARAGOZA,5
2020-05-02,DURANGO,6
2020-05-02,GUANAJUATO,9
2020-05-02,GUERRERO,39
2020-05-02,HIDALGO,21
2020-05-02,JALISCO,28
2020-05-02,MICHOACÁN DE OCAMPO,16
2020-05-02,MORELOS,25
2020-05-02,MÉXICO,219
2020-05-02,NAYARIT,15
2020-05-02,NUEVO LEÓN,22
2020-05-02,OAXACA,6
2020-05-02,PUEBLA,41
2020-05-02,QUERÉTARO,12
2020-05-02,QUINTANA ROO,69
2020-05-02,SAN LUIS POTOSÍ,13
2020-05-02,SINALOA,50
2020-05-02,SONORA,32
2020-05-02,TABASCO,48
2020-05-02,TAMAULIPAS,30
2020-05-02,TLAXCALA,17
2020-05-02,VERACRUZ DE IGNACIO DE LA LLAVE,65
2020-05-02,YUCATÁN,28
2020-05-02,ZACATECAS,7
2020-05-03,AGUASCALIENTES,3
2020-05-03,BAJA CALIFORNIA,90
2020-05-03,BAJA CALIFORNIA SUR,7
2020-05-03,CAMPECHE,11
2020-05-03,CHIAPAS,14
2020-05-03,CHIHUAHUA,25
2020-05-03,CIUDAD DE MÉXICO,290
2020-05-03,COAHUILA DE ZARAGOZA,5
2020-05-03,COLIMA,2
2020-05-03,DURANGO,7
2020-05-03,GUANAJUATO,11
2020-05-03,GUERRERO,28
2020-05-03,HIDALGO,27
2020-05-03,JALISCO,16
2020-05-03,MICHOACÁN DE OCAMPO,27
2020-05-03,MORELOS,41
2020-05-03,MÉXICO,219
2020-05-03,NAYARIT,15
2020-05-03,NUEVO LEÓN,9
2020-05-03,OAXACA,15
2020-05-03,PUEBLA,31
2020-05-03,QUERÉTARO,4
2020-05-03,QUINTANA ROO,30
2020-05-03,SAN LUIS POTOSÍ,11
2020-05-03,SINALOA,30
2020-05-03,SONORA,26
2020-05-03,TABASCO,46
2020-05-03,TAMAULIPAS,25
2020-05-03,TLAXCALA,6
2020-05-03,VERACRUZ DE IGNACIO DE LA LLAVE,58
2020-05-03,YUCATÁN,30
2020-05-03,ZACATECAS,2
2020-05-04,AGUASCALIENTES,48
2020-05-04,BAJA CALIFORNIA,142
2020-05-04,BAJA CALIFORNIA SUR,7
2020-05-04,CAMPECHE,18
2020-05-04,CHIAPAS,31
2020-05-04,CHIHUAHUA,51
2020-05-04,CIUDAD DE MÉXICO,710
2020-05-04,COAHUILA DE ZARAGOZA,26
2020-05-04,COLIMA,3
2020-05-04,DURANGO,3
2020-05-04,GUANAJUATO,33
2020-05-04,GUERRERO,52
2020-05-04,HIDALGO,33
2020-05-04,JALISCO,30
2020-05-04,MICHOACÁN DE OCAMPO,43
2020-05-04,MORELOS,41
2020-05-04,MÉXICO,462
2020-05-04,NAYARIT,15
2020-05-04,NUEVO LEÓN,40
2020-05-04,OAXACA,24
2020-05-04,PUEBLA,47
2020-05-04,QUERÉTARO,9
2020-05-04,QUINTANA ROO,33
2020-05-04,SAN LUIS POTOSÍ,28
2020-05-04,SINALOA,76
2020-05-04,SONORA,62
2020-05-04,TABASCO,85
2020-05-04,TAMAULIPAS,42
2020-05-04,TLAXCALA,25
2020-05-04,VERACRUZ DE IGNACIO DE LA LLAVE,96
2020-05-04,YUCATÁN,49
2020-05-04,ZACATECAS,5
2020-05-05,AGUASCALIENTES,11
2020-05-05,BAJA CALIFORNIA,139
2020-05-05,BAJA CALIFORNIA SUR,12
2020-05-05,CAMPECHE,9
2020-05-05,CHIAPAS,27
2020-05-05,CHIHUAHUA,62
2020-05-05,CIUDAD DE MÉXICO,578
2020-05-05,COAHUILA DE ZARAGOZA,31
2020-05-05,COLIMA,5
2020-05-05,DURANGO,3
2020-05-05,GUANAJUATO,23
2020-05-05,GUERRERO,28
2020-05-05,HIDALGO,29
2020-05-05,JALISCO,20
2020-05-05,MICHOACÁN DE OCAMPO,20
2020-05-05,MORELOS,37
2020-05-05,MÉXICO,315
2020-05-05,NAYARIT,24
2020-05-05,NUEVO LEÓN,62
2020-05-05,OAXACA,33
2020-05-05,PUEBLA,31
2020-05-05,QUERÉTARO,11
2020-05-05,QUINTANA ROO,23
2020-05-05,SAN LUIS POTOSÍ,17
2020-05-05,SINALOA,52
2020-05-05,SONORA,53
2020-05-05,TABASCO,73
2020-05-05,TAMAULIPAS,33
2020-05-05,TLAXCALA,16
2020-05-05,VERACRUZ DE IGNACIO DE LA LLAVE,102
2020-05-05,YUCATÁN,44
2020-05-05,ZACATECAS,5
2020-05-06,AGUASCALIENTES,16
2020-05-06,BAJA CALIFORNIA,112
2020-05-06,BAJA CALIFORNIA SUR,10
2020-05-06,CAMPECHE,16
2020-05-06,CHIAPAS,35
2020-05-06,CHIHUAHUA,48
2020-05-06,CIUDAD DE MÉXICO,677
2020-05-06,COAHUILA DE ZARAGOZA,35
2020-05-06,COLIMA,1
2020-05-06,DURANGO,5
2020-05-06,GUANAJUATO,29
2020-05-06,GUERRERO,46
2020-05-06,HIDALGO,40
2020-05-06,JALISCO,25
2020-05-06,MICHOACÁN DE OCAMPO,34
2020-05-06,MORELOS,47
2020-05-06,MÉXICO,311
2020-05-06,NAYARIT,17
2020-05-06,NUEVO LEÓN,26
2020-05-06,OAXACA,24
2020-05-06,PUEBLA,43
2020-05-06,QUERÉTARO,9
2020-05-06,QUINTANA ROO,41
2020-05-06,SAN LUIS POTOSÍ,34
2020-05-06,SINALOA,83
2020-05-06,SONORA,40
2020-05-06,TABASCO,96
2020-05-06,TAMAULIPAS,45
2020-05-06,TLAXCALA,23
2020-05-06,VERACRUZ DE IGNACIO DE LA LLAVE,107
2020-05-06,YUCATÁN,33
2020-05-06,ZACATECAS,11
2020-05-07,AGUASCALIENTES,24
2020-05-07,BAJA CALIFORNIA,119
2020-05-07,BAJA CALIFORNIA SUR,11
2020-05-07,CAMPECHE,11
2020-05-07,CHIAPAS,34
2020-05-07,CHIHUAHUA,49
2020-05-07,CIUDAD DE MÉXICO,692
2020-05-07,COAHUILA DE ZARAGOZA,24
2020-05-07,COLIMA,1
2020-05-07,DURANGO,11
2020-05-07,GUANAJUATO,37
2020-05-07,GUERRERO,36
2020-05-07,HIDALGO,37
2020-05-07,JALISCO,49
2020-05-07,MICHOACÁN DE OCAMPO,29
2020-05-07,MORELOS,45
2020-05-07,MÉXICO,411
2020-05-07,NAYARIT,15
2020-05-07,NUEVO LEÓN,24
2020-05-07,OAXACA,24
2020-05-07,PUEBLA,60
2020-05-07,QUERÉTARO,13
2020-05-07,QUINTANA ROO,39
2020-05-07,SAN LUIS POTOSÍ,13
2020-05-07,SINALOA,63
2020-05-07,SONORA,38
2020-05-07,TABASCO,104
2020-05-07,TAMAULIPAS,41
2020-05-07,TLAXCALA,17
2020-05-07,VERACRUZ DE IGNACIO DE LA LLAVE,118
2020-05-07,YUCATÁN,37
2020-05-07,ZACATECAS,9
2020-05-08,AGUASCALIENTES,13
2020-05-08,BAJA CALIFORNIA,140
2020-05-08,BAJA CALIFORNIA SUR,9
2020-05-08,CAMPECHE,14
2020-05-08,CHIAPAS,35
2020-05-08,CHIHUAHUA,46
2020-05-08,CIUDAD DE MÉXICO,777
2020-05-08,COAHUILA DE ZARAGOZA,17
2020-05-08,COLIMA,2
2020-05-08,DURANGO,10
2020-05-08,GUANAJUATO,43
2020-05-08,GUERRERO,40
2020-05-08,HIDALGO,33
2020-05-08,JALISCO,26
2020-05-08,MICHOACÁN DE OCAMPO,43
2020-05-08,MORELOS,31
2020-05-08,MÉXICO,403
2020-05-08,NAYARIT,6
2020-05-08,NUEVO LEÓN,29
2020-05-08,OAXACA,22
2020-05-08,PUEBLA,43
2020-05-08,QUERÉTARO,27
2020-05-08,QUINTANA ROO,26
2020-05-08,SAN LUIS POTOSÍ,26
2020-05-08,SINALOA,61
2020-05-08,SONORA,55
2020-05-08,TABASCO,81
2020-05-08,TAMAULIPAS,29
2020-05-08,TLAXCALA,20
2020-05-08,VERACRUZ DE IGNACIO DE LA LLAVE,104
2020-05-08,YUCATÁN,35
2020-05-08,ZACATECAS,9
2020-05-09,BAJA CALIFORNIA,75
2020-05-09,BAJA CALIFORNIA SUR,6
2020-05-09,CAMPECHE,13
2020-05-09,CHIAPAS,23
2020-05-09,CHIHUAHUA,31
2020-05-09,CIUDAD DE MÉXICO,386
2020-05-09,COAHUILA DE ZARAGOZA,10
2020-05-09,COLIMA,3
2020-05-09,DURANGO,2
2020-05-09,GUANAJUATO,27
2020-05-09,GUERRERO,34
2020-05-09,HIDALGO,23
2020-05-09,JALISCO,28
2020-05-09,MICHOACÁN DE OCAMPO,45
2020-05-09,MORELOS,19
2020-05-09,MÉXICO,235
2020-05-09,NAYARIT,7
2020-05-09,NUEVO LEÓN,27
2020-05-09,OAXACA,16
2020-05-09,PUEBLA,43
2020-05-09,QUERÉTARO,27
2020-05-09,QUINTANA ROO,19
2020-05-09,SAN LUIS POTOSÍ,13
2020-05-09,SINALOA,52
2020-05-09,SONORA,43
2020-05-09,TABASCO,53
2020-05-09,TAMAULIPAS,26
2020-05-09,TLAXCALA,20
2020-05-09,VERACRUZ DE IGNACIO DE LA LLAVE,79
2020-05-09,YUCATÁN,19
2020-05-09,ZACATECAS,4
2020-05-10,AGUASCALIENTES,4
2020-05-10,BAJA CALIFORNIA,69
2020-05-10,BAJA CALIFORNIA SUR,10
2020-05-10,CAMPECHE,7
2020-05-10,CHIAPAS,21
2020-05-10,CHIHUAHUA,29
2020-05-10,CIUDAD DE MÉXICO,344
2020-05-10,COAHUILA DE ZARAGOZA,14
2020-05-10,COLIMA,1
2020-05-10,DURANGO,1
2020-05-10,GUANAJUATO,23
2020-05-10,GUERRERO,33
2020-05-10,HIDALGO,24
2020-05-10,JALISCO,22
2020-05-10,MICHOACÁN DE OCAMPO,26
2020-05-10,MORELOS,20
2020-05-10,MÉXICO,211
2020-05-10,NAYARIT,9
2020-05-10,NUEVO LEÓN,21
2020-05-10,OAXACA,28
2020-05-10,PUEBLA,33
2020-05-10,QUERÉTARO,20
2020-05-10,QUINTANA ROO,22
2020-05-10,SAN LUIS POTOSÍ,19
2020-05-10,SINALOA,41
2020-05-10,SONORA,28
2020-05-10,TABASCO,65
2020-05-10,TAMAULIPAS,22
2020-05-10,TLAXCALA,15
2020-05-10,VERACRUZ DE IGNACIO DE LA LLAVE,69
2020-05-10,YUCATÁN,27
2020-05-10,ZACATECAS,2
2020-05-11,AGUASCALIENTES,12
2020-05-11,BAJA CALIFORNIA,130
2020-05-11,BAJA CALIFORNIA SUR,6
2020-05-11,CAMPECHE,24
2020-05-11,CHIAPAS,33
2020-05-11,CHIHUAHUA,61
2020-05-11,CIUDAD DE MÉXICO,768
2020-05-11,COAHUILA DE ZARAGOZA,28
2020-05-11,COLIMA,2
2020-05-11,DURANGO,6
2020-05-11,GUANAJUATO,40
2020-05-11,GUERRERO,45
2020-05-11,HIDALGO,50
2020-05-11,JALISCO,49
2020-05-11,MICHOACÁN DE OCAMPO,69
2020-05-11,MORELOS,39
2020-05-11,MÉXICO,532
2020-05-11,NAYARIT,20
2020-05-11,NUEVO LEÓN,43
2020-05-11,OAXACA,54
2020-05-11,PUEBLA,72
2020-05-11,QUERÉTARO,49
2020-05-11,QUINTANA ROO,45
2020-05-11,SAN LUIS POTOSÍ,32
2020-05-11,SINALOA,71
2020-05-11,SONORA,65
2020-05-11,TABASCO,116
2020-05-11,TAMAULIPAS,38
2020-05-11,TLAXCALA,36
2020-05-11,VERACRUZ DE IGNACIO DE LA LLAVE,141
2020-05-11,YUCATÁN,45
2020-05-11,ZACATECAS,9
2020-05-12,AGUASCALIENTES,43
2020-05-12,BAJA CALIFORNIA,125
2020-05-12,BAJA CALIFORNIA SUR,16
2020-05-12,CAMPECHE,20
2020-05-12,CHIAPAS,46
2020-05-12,CHIHUAHUA,36
2020-05-12,CIUDAD DE MÉXICO,786
2020-05-12,COAHUILA DE ZARAGOZA,28
2020-05-12,COLIMA,6
2020-05-12,DURANGO,11
2020-05-12,GUANAJUATO,53
2020-05-12,GUERRERO,57
2020-05-12,HIDALGO,56
2020-05-12,JALISCO,38
2020-05-12,MICHOACÁN DE OCAMPO,59
2020-05-12,MORELOS,39
2020-05-12,MÉXICO,495
2020-05-12,NAYARIT,19
2020-05-12,NUEVO LEÓN,36
2020-05-12,OAXACA,66
2020-05-12,PUEBLA,69
2020-05-12,QUERÉTARO,34
2020-05-12,QUINTANA ROO,38
2020-05-12,SAN LUIS POTOSÍ,23
2020-05-12,SINALOA,84
2020-05-12,SONORA,58
2020-05-12,TABASCO,87
2020-05-12,TAMAULIPAS,40
2020-05-12,TLAXCALA,39
2020-05-12,VERACRUZ DE IGNACIO DE LA LLAVE,122
2020-05-12,YUCATÁN,52
2020-05-12,ZACATECAS,3
2020-05-13,AGUASCALIENTES,14
2020-05-13,BAJA CALIFORNIA,125
2020-05-13,BAJA CALIFORNIA SUR,13
2020-05-13,CAMPECHE,16
2020-05-13,CHIAPAS,67
2020-05-13,CHIHUAHUA,68
2020-05-13,CIUDAD DE MÉXICO,868
2020-05-13,COAHUILA DE ZARAGOZA,15
2020-05-13,COLIMA,4
2020-05-13,DURANGO,10
2020-05-13,GUANAJUATO,41
2020-05-13,GUERRERO,46
2020-05-13,HIDALGO,45
2020-05-13,JALISCO,29
2020-05-13,MICHOACÁN DE OCAMPO,100
2020-05-13,MORELOS,41
2020-05-13,MÉXICO,539
2020-05-13,NAYARIT,15
2020-05-13,NUEVO LEÓN,67
2020-05-13,OAXACA,70
2020-05-13,PUEBLA,86
2020-05-13,QUERÉTARO,29
2020-05-13,QUINTANA ROO,27
2020-05-13,SAN LUIS POTOSÍ,23
2020-05-13,SINALOA,78
2020-05-13,SONORA,94
2020-05-13,TABASCO,116
2020-05-13,TAMAULIPAS,40
2020-05-13,TLAXCALA,40
2020-05-13,VERACRUZ DE IGNACIO DE LA LLAVE,133
2020-05-13,YUCATÁN,59
2020-05-13,ZACATECAS,8
2020-05-14,AGUASCALIENTES,22
2020-05-14,BAJA CALIFORNIA,112
2020-05-14,BAJA CALIFORNIA SUR,8
2020-05-14,CAMPECHE,12
2020-05-14,CHIAPAS,67
2020-05-14,CHIHUAHUA,54
2020-05-14,CIUDAD DE MÉXICO,767
2020-05-14,COAHUILA DE ZARAGOZA,24
2020-05-14,COLIMA,12
2020-05-14,DURANGO,7
2020-05-14,GUANAJUATO,52
2020-05-14,GUERRERO,67
2020-05-14,HIDALGO,66
2020-05-14,JALISCO,57
2020-05-14,MICHOACÁN DE OCAMPO,77
2020-05-14,MORELOS,25
2020-05-14,MÉXICO,467
2020-05-14,NAYARIT,18
2020-05-14,NUEVO LEÓN,38
2020-05-14,OAXACA,67
2020-05-14,PUEBLA,101
2020-05-14,QUERÉTARO,41
2020-05-14,QUINTANA ROO,41
2020-05-14,SAN LUIS POTOSÍ,33
2020-05-14,SINALOA,101
2020-05-14,SONORA,61
2020-05-14,TABASCO,127
2020-05-14,TAMAULIPAS,33
2020-05-14,TLAXCALA,21
2020-05-14,VERACRUZ DE IGNACIO DE LA LLAVE,168
2020-05-14,YUCATÁN,57
2020-05-14,ZACATECAS,13
2020-05-15,AGUASCALIENTES,27
2020-05-15,BAJA CALIFORNIA,139
2020-05-15,BAJA CALIFORNIA SUR,5
2020-05-15,CAMPECHE,15
2020-05-15,CHIAPAS,81
2020-05-15,CHIHUAHUA,48
2020-05-15,CIUDAD DE MÉXICO,895
2020-05-15,COAHUILA DE ZARAGOZA,23
2020-05-15,COLIMA,4
2020-05-15,DURANGO,13
2020-05-15,GUANAJUATO,38
2020-05-15,GUERRERO,58
2020-05-15,HIDALGO,79
2020-05-15,JALISCO,64
2020-05-15,MICHOACÁN DE OCAMPO,103
2020-05-15,MORELOS,35
2020-05-15,MÉXICO,517
2020-05-15,NAYARIT,17
2020-05-15,NUEVO LEÓN,73
2020-05-15,OAXACA,79
2020-05-15,PUEBLA,102
2020-05-15,QUERÉTARO,50
2020-05-15,QUINTANA ROO,21
2020-05-15,SAN LUIS POTOSÍ,29
2020-05-15,SINALOA,98
2020-05-15,SONORA,93
2020-05-15,TABASCO,145
2020-05-15,TAMAULIPAS,61
2020-05-15,TLAXCALA,36
2020-05-15,VERACRUZ DE IGNACIO DE LA LLAVE,191
2020-05-15,YUCATÁN,41
2020-05-15,ZACATECAS,8
2020-05-16,AGUASCALIENTES,3
2020-05-16,BAJA CALIFORNIA,69
2020-05-16,BAJA CALIFORNIA SUR,11
2020-05-16,CAMPECHE,15
2020-05-16,CHIAPAS,39
2020-05-16,CHIHUAHUA,39
2020-05-16,CIUDAD DE MÉXICO,551
2020-05-16,COAHUILA DE ZARAGOZA,9
2020-05-16,COLIMA,3
2020-05-16,DURANGO,2
2020-05-16,GUANAJUATO,33
2020-05-16,GUERRERO,50
2020-05-16,HIDALGO,51
2020-05-16,JALISCO,17
2020-05-16,MICHOACÁN DE OCAMPO,44
2020-05-16,MORELOS,12
2020-05-16,MÉXICO,299
2020-05-16,NAYARIT,3
2020-05-16,NUEVO LEÓN,29
2020-05-16,OAXACA,66
2020-05-16,PUEBLA,74
2020-05-16,QUERÉTARO,28
2020-05-16,QUINTANA ROO,20
2020-05-16,SAN LUIS POTOSÍ,25
2020-05-16,SINALOA,69
2020-05-16,SONORA,53
2020-05-16,TABASCO,86
2020-05-16,TAMAULIPAS,48
2020-05-16,TLAXCALA,29
2020-05-16,VERACRUZ DE IGNACIO DE LA LLAVE,132
2020-05-16,YUCATÁN,31
2020-05-16,ZACATECAS,2
2020-05-17,AGUASCALIENTES,7
2020-05-17,BAJA CALIFORNIA,71
2020-05-17,BAJA CALIFORNIA SUR,3
2020-05-17,CAMPECHE,15
2020-05-17,CHIAPAS,35
2020-05-17,CHIHUAHUA,29
2020-05-17,CIUDAD DE MÉXICO,352
2020-05-17,COAHUILA DE ZARAGOZA,13
2020-05-17,COLIMA,5
2020-05-17,DURANGO,8
2020-05-17,GUANAJUATO,20
2020-05-17,GUERRERO,40
2020-05-17,HIDALGO,26
2020-05-17,JALISCO,31
2020-05-17,MICHOACÁN DE OCAMPO,27
2020-05-17,MORELOS,16
2020-05-17,MÉXICO,263
2020-05-17,NAYARIT,6
2020-05-17,NUEVO LEÓN,9
2020-05-17,OAXACA,18
2020-05-17,PUEBLA,64
2020-05-17,QUERÉTARO,19
2020-05-17,QUINTANA ROO,13
2020-05-17,SAN LUIS POTOSÍ,15
2020-05-17,SINALOA,63
2020-05-17,SONORA,60
2020-05-17,TABASCO,79
2020-05-17,TAMAULIPAS,17
2020-05-17,TLAXCALA,25
2020-05-17,VERACRUZ DE IGNACIO DE LA LLAVE,86
2020-05-17,YUCATÁN,49
2020-05-17,ZACATECAS,3
2020-05-18,AGUASCALIENTES,36
2020-05-18,BAJA CALIFORNIA,191
2020-05-18,BAJA CALIFORNIA SUR,11
2020-05-18,CAMPECHE,16
2020-05-18,CHIAPAS,92
2020-05-18,CHIHUAHUA,60
2020-05-18,CIUDAD DE MÉXICO,995
2020-05-18,COAHUILA DE ZARAGOZA,48
2020-05-18,COLIMA,7
2020-05-18,DURANGO,8
2020-05-18,GUANAJUATO,55
2020-05-18,GUERRERO,125
2020-05-18,HIDALGO,81
2020-05-18,JALISCO,54
2020-05-18,MICHOACÁN DE OCAMPO,66
2020-05-18,MORELOS,38
2020-05-18,MÉXICO,580
2020-05-18,NAYARIT,18
2020-05-18,NUEVO LEÓN,43
2020-05-18,OAXACA,124
2020-05-18,PUEBLA,126
2020-05-18,QUERÉTARO,49
2020-05-18,QUINTANA ROO,45
2020-05-18,SAN LUIS POTOSÍ,34
2020-05-18,SINALOA,139
2020-05-18,SONORA,133
2020-05-18,TABASCO,123
2020-05-18,TAMAULIPAS,61
2020-05-18,TLAXCALA,43
2020-05-18,VERACRUZ DE IGNACIO DE LA LLAVE,160
2020-05-18,YUCATÁN,54
2020-05-18,ZACATECAS,6
2020-05-19,AGUASCALIENTES,20
2020-05-19,BAJA CALIFORNIA,149
2020-05-19,BAJA CALIFORNIA SUR,15
2020-05-19,CAMPECHE,21
2020-05-19,CHIAPAS,64
2020-05-19,CHIHUAHUA,46
2020-05-19,CIUDAD DE MÉXICO,938
2020-05-19,COAHUILA DE ZARAGOZA,39
2020-05-19,COLIMA,7
2020-05-19,DURANGO,7
2020-05-19,GUANAJUATO,70
2020-05-19,GUERRERO,108
2020-05-19,HIDALGO,70
2020-05-19,JALISCO,72
2020-05-19,MICHOACÁN DE OCAMPO,66
2020-05-19,MORELOS,46
2020-05-19,MÉXICO,456
2020-05-19,NAYARIT,24
2020-05-19,NUEVO LEÓN,38
2020-05-19,OAXACA,71
2020-05-19,PUEBLA,126
2020-05-19,QUERÉTARO,61
2020-05-19,QUINTANA ROO,35
2020-05-19,SAN LUIS POTOSÍ,24
2020-05-19,SINALOA,103
2020-05-19,SONORA,95
2020-05-19,TABASCO,107
2020-05-19,TAMAULIPAS,51
2020-05-19,TLAXCALA,50
2020-05-19,VERACRUZ DE IGNACIO DE LA LLAVE,150
2020-05-19,YUCATÁN,51
2020-05-20,AGUASCALIENTES,27
2020-05-20,BAJA CALIFORNIA,164
2020-05-20,BAJA CALIFORNIA SUR,17
2020-05-20,CAMPECHE,24
2020-05-20,CHIAPAS,75
2020-05-20,CHIHUAHUA,42
2020-05-20,CIUDAD DE MÉXICO,948
2020-05-20,COAHUILA DE ZARAGOZA,40
2020-05-20,COLIMA,8
2020-05-20,DURANGO,22
2020-05-20,GUANAJUATO,57
2020-05-20,GUERRERO,142
2020-05-20,HIDALGO,74
2020-05-20,JALISCO,59
2020-05-20,MICHOACÁN DE OCAMPO,100
2020-05-20,MORELOS,34
2020-05-20,MÉXICO,513
2020-05-20,NAYARIT,17
2020-05-20,NUEVO LEÓN,62
2020-05-20,OAXACA,73
2020-05-20,PUEBLA,122
2020-05-20,QUERÉTARO,44
2020-05-20,QUINTANA ROO,43
2020-05-20,SAN LUIS POTOSÍ,39
2020-05-20,SINALOA,121
2020-05-20,SONORA,96
2020-05-20,TABASCO,162
2020-05-20,TAMAULIPAS,69
2020-05-20,TLAXCALA,41
2020-05-20,VERACRUZ DE IGNACIO DE LA LLAVE,179
2020-05-20,YUCATÁN,57
2020-05-20,ZACATECAS,15
2020-05-21,AGUASCALIENTES,30
2020-05-21,BAJA CALIFORNIA,154
2020-05-21,BAJA CALIFORNIA SUR,8
2020-05-21,CAMPECHE,17
2020-05-21,CHIAPAS,105
2020-05-21,CHIHUAHUA,58
2020-05-21,CIUDAD DE MÉXICO,917
2020-05-21,COAHUILA DE ZARAGOZA,58
2020-05-21,COLIMA,4
2020-05-21,DURANGO,19
2020-05-21,GUANAJUATO,61
2020-05-21,GUERRERO,135
2020-05-21,HIDALGO,92
2020-05-21,JALISCO,61
2020-05-21,MICHOACÁN DE OCAMPO,79
2020-05-21,MORELOS,41
2020-05-21,MÉXICO,532
2020-05-21,NAYARIT,19
2020-05-21,NUEVO LEÓN,34
2020-05-21,OAXACA,102
2020-05-21,PUEBLA,142
2020-05-21,QUERÉTARO,33
2020-05-21,QUINTANA ROO,39
2020-05-21,SAN LUIS POTOSÍ,37
2020-05-21,SINALOA,117
2020-05-21,SONORA,104
2020-05-21,TABASCO,141
2020-05-21,TAMAULIPAS,69
2020-05-21,TLAXCALA,48
2020-05-21,VERACRUZ DE IGNACIO DE LA LLAVE,173
2020-05-21,YUCATÁN,70
2020-05-21,ZACATECAS,5
2020-05-22,AGUASCALIENTES,23
2020-05-22,BAJA CALIFORNIA,185
2020-05-22,BAJA CALIFORNIA SUR,15
2020-05-22,CAMPECHE,25
2020-05-22,CHIAPAS,99
2020-05-22,CHIHUAHUA,50
2020-05-22,CIUDAD DE MÉXICO,816
2020-05-22,COAHUILA DE ZARAGOZA,42
2020-05-22,COLIMA,7
2020-05-22,DURANGO,22
2020-05-22,GUANAJUATO,55
2020-05-22,GUERRERO,122
2020-05-22,HIDALGO,79
2020-05-22,JALISCO,73
2020-05-22,MICHOACÁN DE OCAMPO,95
2020-05-22,MORELOS,45
2020-05-22,MÉXICO,553
2020-05-22,NAYARIT,26
2020-05-22,NUEVO LEÓN,49
2020-05-22,OAXACA,81
2020-05-22,PUEBLA,169
2020-05-22,QUERÉTARO,35
2020-05-22,QUINTANA ROO,44
2020-05-22,SAN LUIS POTOSÍ,56
2020-05-22,SINALOA,143
2020-05-22,SONORA,123
2020-05-22,TABASCO,138
2020-05-22,TAMAULIPAS,86
2020-05-22,TLAXCALA,43
2020-05-22,VERACRUZ DE IGNACIO DE LA LLAVE,174
2020-05-22,YUCATÁN,60
2020-05-22,ZACATECAS,9
2020-05-23,AGUASCALIENTES,16
2020-05-23,BAJA CALIFORNIA,66
2020-05-23,BAJA CALIFORNIA SUR,7
2020-05-23,CAMPECHE,17
2020-05-23,CHIAPAS,52
2020-05-23,CHIHUAHUA,28
2020-05-23,CIUDAD DE MÉXICO,397
2020-05-23,COAHUILA DE ZARAGOZA,29
2020-05-23,COLIMA,4
2020-05-23,DURANGO,3
2020-05-23,GUANAJUATO,52
2020-05-23,GUERRERO,63
2020-05-23,HIDALGO,46
2020-05-23,JALISCO,41
2020-05-23,MICHOACÁN DE OCAMPO,20
2020-05-23,MORELOS,19
2020-05-23,MÉXICO,234
2020-05-23,NAYARIT,13
2020-05-23,NUEVO LEÓN,35
2020-05-23,OAXACA,83
2020-05-23,PUEBLA,138
2020-05-23,QUERÉTARO,24
2020-05-23,QUINTANA ROO,39
2020-05-23,SAN LUIS POTOSÍ,20
2020-05-23,SINALOA,59
2020-05-23,SONORA,91
2020-05-23,TABASCO,97
2020-05-23,TAMAULIPAS,64
2020-05-23,TLAXCALA,30
2020-05-23,VERACRUZ DE IGNACIO DE LA LLAVE,112
2020-05-23,YUCATÁN,33
2020-05-23,ZACATECAS,10
2020-05-24,AGUASCALIENTES,8
2020-05-24,BAJA CALIFORNIA,76
2020-05-24,BAJA CALIFORNIA SUR,9
2020-05-24,CAMPECHE,14
2020-05-24,CHIAPAS,50
2020-05-24,CHIHUAHUA,25
2020-05-24,CIUDAD DE MÉXICO,310
2020-05-24,COAHUILA DE ZARAGOZA,15
2020-05-24,COLIMA,6
2020-05-24,DURANGO,14
2020-05-24,GUANAJUATO,21
2020-05-24,GUERRERO,69
2020-05-24,HIDALGO,40
2020-05-24,JALISCO,38
2020-05-24,MICHOACÁN DE OCAMPO,35
2020-05-24,MORELOS,16
2020-05-24,MÉXICO,304
2020-05-24,NAYARIT,8
2020-05-24,NUEVO LEÓN,25
2020-05-24,OAXACA,36
2020-05-24,PUEBLA,81
2020-05-24,QUERÉTARO,12
2020-05-24,QUINTANA ROO,24
2020-05-24,SAN LUIS POTOSÍ,20
2020-05-24,SINALOA,78
2020-05-24,SONORA,81
2020-05-24,TABASCO,82
2020-05-24,TAMAULIPAS,33
2020-05-24,TLAXCALA,16
2020-05-24,VERACRUZ DE IGNACIO DE LA LLAVE,105
2020-05-24,YUCATÁN,30
2020-05-24,ZACATECAS,6
2020-05-25,AGUASCALIENTES,39
2020-05-25,BAJA CALIFORNIA,133
2020-05-25,BAJA CALIFORNIA SUR,17
2020-05-25,CAMPECHE,34
2020-05-25,CHIAPAS,140
2020-05-25,CHIHUAHUA,48
2020-05-25,CIUDAD DE MÉXICO,963
2020-05-25,COAHUILA DE ZARAGOZA,43
2020-05-25,COLIMA,7
2020-05-25,DURANGO,24
2020-05-25,GUANAJUATO,115
2020-05-25,GUERRERO,128
2020-05-25,HIDALGO,85
2020-05-25,JALISCO,93
2020-05-25,MICHOACÁN DE OCAMPO,121
2020-05-25,MORELOS,46
2020-05-25,MÉXICO,700
2020-05-25,NAYARIT,19
2020-05-25,NUEVO LEÓN,74
2020-05-25,OAXACA,101
2020-05-25,PUEBLA,166
2020-05-25,QUERÉTARO,51
2020-05-25,QUINTANA ROO,49
2020-05-25,SAN LUIS POTOSÍ,49
2020-05-25,SINALOA,165
2020-05-25,SONORA,183
2020-05-25,TABASCO,176
2020-05-25,TAMAULIPAS,105
2020-05-25,TLAXCALA,60
2020-05-25,VERACRUZ DE IGNACIO DE LA LLAVE,208
2020-05-25,YUCATÁN,53
2020-05-25,ZACATECAS,10
2020-05-26,AGUASCALIENTES,39
2020-05-26,BAJA CALIFORNIA,131
2020-05-26,BAJA CALIFORNIA SUR,13
2020-05-26,CAMPECHE,35
2020-05-26,CHIAPAS,129
2020-05-26,CHIHUAHUA,33
2020-05-26,CIUDAD DE MÉXICO,858
2020-05-26,COAHUILA DE ZARAGOZA,51
2020-05-26,COLIMA,7
2020-05-26,DURANGO,21
2020-05-26,GUANAJUATO,97
2020-05-26,GUERRERO,114
2020-05-26,HIDALGO,71
2020-05-26,JALISCO,127
2020-05-26,MICHOACÁN DE OCAMPO,101
2020-05-26,MORELOS,53
2020-05-26,MÉXICO,581
2020-05-26,NAYARIT,29
2020-05-26,NUEVO LEÓN,115
2020-05-26,OAXACA,82
2020-05-26,PUEBLA,163
2020-05-26,QUERÉTARO,38
2020-05-26,QUINTANA ROO,32
2020-05-26,SAN LUIS POTOSÍ,39
2020-05-26,SINALOA,183
2020-05-26,SONORA,179
2020-05-26,TABASCO,197
2020-05-26,TAMAULIPAS,110
2020-05-26,TLAXCALA,37
2020-05-26,VERACRUZ DE IGNACIO DE LA LLAVE,194
2020-05-26,YUCATÁN,55
2020-05-26,ZACATECAS,12
2020-05-27,AGUASCALIENTES,35
2020-05-27,BAJA CALIFORNIA,121
2020-05-27,BAJA CALIFORNIA SUR,21
2020-05-27,CAMPECHE,28
2020-05-27,CHIAPAS,120
2020-05-27,CHIHUAHUA,39
2020-05-27,CIUDAD DE MÉXICO,929
2020-05-27,COAHUILA DE ZARAGOZA,69
2020-05-27,COLIMA,4
2020-05-27,DURANGO,30
2020-05-27,GUANAJUATO,106
2020-05-27,GUERRERO,109
2020-05-27,HIDALGO,78
2020-05-27,JALISCO,139
2020-05-27,MICHOACÁN DE OCAMPO,90
2020-05-27,MORELOS,31
2020-05-27,MÉXICO,660
2020-05-27,NAYARIT,34
2020-05-27,NUEVO LEÓN,66
2020-05-27,OAXACA,91
2020-05-27,PUEBLA,200
2020-05-27,QUERÉTARO,34
2020-05-27,QUINTANA ROO,43
2020-05-27,SAN LUIS POTOSÍ,59
2020-05-27,SINALOA,192
2020-05-27,SONORA,190
2020-05-27,TABASCO,221
2020-05-27,TAMAULIPAS,104
2020-05-27,TLAXCALA,38
2020-05-27,VERACRUZ DE IGNACIO DE LA LLAVE,182
2020-05-27,YUCATÁN,62
2020-05-27,ZACATECAS,4
2020-05-28,AGUASCALIENTES,45
2020-05-28,BAJA CALIFORNIA,112
2020-05-28,BAJA CALIFORNIA SUR,19
2020-05-28,CAMPECHE,28
2020-05-28,CHIAPAS,141
2020-05-28,CHIHUAHUA,38
2020-05-28,CIUDAD DE MÉXICO,803
2020-05-28,COAHUILA DE ZARAGOZA,56
2020-05-28,COLIMA,7
2020-05-28,DURANGO,23
2020-05-28,GUANAJUATO,140
2020-05-28,GUERRERO,109
2020-05-28,HIDALGO,94
2020-05-28,JALISCO,123
2020-05-28,MICHOACÁN DE OCAMPO,111
2020-05-28,MORELOS,42
2020-05-28,MÉXICO,590
2020-05-28,NAYARIT,33
2020-05-28,NUEVO LEÓN,58
2020-05-28,OAXACA,128
2020-05-28,PUEBLA,165
2020-05-28,QUERÉTARO,29
2020-05-28,QUINTANA ROO,44
2020-05-28,SAN LUIS POTOSÍ,38
2020-05-28,SINALOA,156
2020-05-28,SONORA,193
2020-05-28,TABASCO,217
2020-05-28,TAMAULIPAS,62
2020-05-28,TLAXCALA,43
2020-05-28,VERACRUZ DE IGNACIO DE LA LLAVE,180
2020-05-28,YUCATÁN,61
2020-05-28,ZACATECAS,7
2020-05-29,AGUASCALIENTES,41
2020-05-29,BAJA CALIFORNIA,111
2020-05-29,BAJA CALIFORNIA SUR,22
2020-05-29,CAMPECHE,19
2020-05-29,CHIAPAS,121
2020-05-29,CHIHUAHUA,61
2020-05-29,CIUDAD DE MÉXICO,860
2020-05-29,COAHUILA DE ZARAGOZA,81
2020-05-29,COLIMA,8
2020-05-29,DURANGO,34
2020-05-29,GUANAJUATO,139
2020-05-29,GUERRERO,93
2020-05-29,HIDALGO,71
2020-05-29,JALISCO,162
2020-05-29,MICHOACÁN DE OCAMPO,128
2020-05-29,MORELOS,32
2020-05-29,MÉXICO,589
2020-05-29,NAYARIT,30
2020-05-29,NUEVO LEÓN,63
2020-05-29,OAXACA,122
2020-05-29,PUEBLA,146
2020-05-29,QUERÉTARO,33
2020-05-29,QUINTANA ROO,44
2020-05-29,SAN LUIS POTOSÍ,48
2020-05-29,SINALOA,179
2020-05-29,SONORA,152
2020-05-29,TABASCO,170
2020-05-29,TAMAULIPAS,94
2020-05-29,TLAXCALA,44
2020-05-29,VERACRUZ DE IGNACIO DE LA LLAVE,185
2020-05-29,YUCATÁN,46
2020-05-29,ZACATECAS,14
2020-05-30,AGUASCALIENTES,14
2020-05-30,BAJA CALIFORNIA,84
2020-05-30,BAJA CALIFORNIA SUR,13
2020-05-30,CAMPECHE,19
2020-05-30,CHIAPAS,69
2020-05-30,CHIHUAHUA,17
2020-05-30,CIUDAD DE MÉXICO,493
2020-05-30,COAHUILA DE ZARAGOZA,34
2020-05-30,COLIMA,6
2020-05-30,DURANGO,38
2020-05-30,GUANAJUATO,86
2020-05-30,GUERRERO,61
2020-05-30,HIDALGO,46
2020-05-30,JALISCO,124
2020-05-30,MICHOACÁN DE OCAMPO,46
2020-05-30,MORELOS,22
2020-05-30,MÉXICO,307
2020-05-30,NAYARIT,22
2020-05-30,NUEVO LEÓN,38
2020-05-30,OAXACA,115
2020-05-30,PUEBLA,119
2020-05-30,QUERÉTARO,27
2020-05-30,QUINTANA ROO,25
2020-05-30,SAN LUIS POTOSÍ,23
2020-05-30,SINALOA,125
2020-05-30,SONORA,131
2020-05-30,TABASCO,103
2020-05-30,TAMAULIPAS,62
2020-05-30,TLAXCALA,39
2020-05-30,VERACRUZ DE IGNACIO DE LA LLAVE,134
2020-05-30,YUCATÁN,29
2020-05-30,ZACATECAS,7
2020-05-31,AGUASCALIENTES,20
2020-05-31,BAJA CALIFORNIA,67
2020-05-31,BAJA CALIFORNIA SUR,8
2020-05-31,CAMPECHE,7
2020-05-31,CHIAPAS,73
2020-05-31,CHIHUAHUA,21
2020-05-31,CIUDAD DE MÉXICO,379
2020-05-31,COAHUILA DE ZARAGOZA,34
2020-05-31,COLIMA,4
2020-05-31,DURANGO,11
2020-05-31,GUANAJUATO,67
2020-05-31,GUERRERO,74
2020-05-31,HIDALGO,40
2020-05-31,JALISCO,79
2020-05-31,MICHOACÁN DE OCAMPO,46
2020-05-31,MORELOS,20
2020-05-31,MÉXICO,261
2020-05-31,NAYARIT,12
2020-05-31,NUEVO LEÓN,21
2020-05-31,OAXACA,45
2020-05-31,PUEBLA,58
2020-05-31,QUERÉTARO,21
2020-05-31,QUINTANA ROO,23
2020-05-31,SAN LUIS POTOSÍ,18
2020-05-31,SINALOA,67
2020-05-31,SONORA,111
2020-05-31,TABASCO,73
2020-05-31,TAMAULIPAS,44
2020-05-31,TLAXCALA,24
2020-05-31,VERACRUZ DE IGNACIO DE LA LLAVE,112
2020-05-31,YUCATÁN,25
2020-05-31,ZACATECAS,5
2020-06-01,AGUASCALIENTES,62
2020-06-01,BAJA CALIFORNIA,133
2020-06-01,BAJA CALIFORNIA SUR,35
2020-06-01,CAMPECHE,35
2020-06-01,CHIAPAS,143
2020-06-01,CHIHUAHUA,51
2020-06-01,CIUDAD DE MÉXICO,977
2020-06-01,COAHUILA DE ZARAGOZA,98
2020-06-01,COLIMA,10
2020-06-01,DURANGO,41
2020-06-01,GUANAJUATO,173
2020-06-01,GUERRERO,140
2020-06-01,HIDALGO,95
2020-06-01,JALISCO,219
2020-06-01,MICHOACÁN DE OCAMPO,167
2020-06-01,MORELOS,48
2020-06-01,MÉXICO,699
2020-06-01,NAYARIT,24
2020-06-01,NUEVO LEÓN,71
2020-06-01,OAXACA,149
2020-06-01,PUEBLA,185
2020-06-01,QUERÉTARO,36
2020-06-01,QUINTANA ROO,47
2020-06-01,SAN LUIS POTOSÍ,48
2020-06-01,SINALOA,205
2020-06-01,SONORA,207
2020-06-01,TABASCO,205
2020-06-01,TAMAULIPAS,117
2020-06-01,TLAXCALA,63
2020-06-01,VERACRUZ DE IGNACIO DE LA LLAVE,226
2020-06-01,YUCATÁN,57
2020-06-01,ZACATECAS,16
2020-06-02,AGUASCALIENTES,58
2020-06-02,BAJA CALIFORNIA,145
2020-06-02,BAJA CALIFORNIA SUR,16
2020-06-02,CAMPECHE,23
2020-06-02,CHIAPAS,142
2020-06-02,CHIHUAHUA,49
2020-06-02,CIUDAD DE MÉXICO,855
2020-06-02,COAHUILA DE ZARAGOZA,65
2020-06-02,COLIMA,11
2020-06-02,DURANGO,36
2020-06-02,GUANAJUATO,164
2020-06-02,GUERRERO,100
2020-06-02,HIDALGO,76
2020-06-02,JALISCO,195
2020-06-02,MICHOACÁN DE OCAMPO,125
2020-06-02,MORELOS,43
2020-06-02,MÉXICO,677
2020-06-02,NAYARIT,43
2020-06-02,NUEVO LEÓN,89
2020-06-02,OAXACA,123
2020-06-02,PUEBLA,165
2020-06-02,QUERÉTARO,44
2020-06-02,QUINTANA ROO,62
2020-06-02,SAN LUIS POTOSÍ,55
2020-06-02,SINALOA,167
2020-06-02,SONORA,194
2020-06-02,TABASCO,160
2020-06-02,TAMAULIPAS,88
2020-06-02,TLAXCALA,45
2020-06-02,VERACRUZ DE IGNACIO DE LA LLAVE,179
2020-06-02,YUCATÁN,47
2020-06-02,ZACATECAS,13
2020-06-03,AGUASCALIENTES,60
2020-06-03,BAJA CALIFORNIA,124
2020-06-03,BAJA CALIFORNIA SUR,16
2020-06-03,CAMPECHE,17
2020-06-03,CHIAPAS,110
2020-06-03,CHIHUAHUA,31
2020-06-03,CIUDAD DE MÉXICO,906
2020-06-03,COAHUILA DE ZARAGOZA,61
2020-06-03,COLIMA,11
2020-06-03,DURANGO,27
2020-06-03,GUANAJUATO,174
2020-06-03,GUERRERO,112
2020-06-03,HIDALGO,65
2020-06-03,JALISCO,204
2020-06-03,MICHOACÁN DE OCAMPO,148
2020-06-03,MORELOS,46
2020-06-03,MÉXICO,814
2020-06-03,NAYARIT,32
2020-06-03,NUEVO LEÓN,66
2020-06-03,OAXACA,130
2020-06-03,PUEBLA,178
2020-06-03,QUERÉTARO,42
2020-06-03,QUINTANA ROO,42
2020-06-03,SAN LUIS POTOSÍ,70
2020-06-03,SINALOA,209
2020-06-03,SONORA,204
2020-06-03,TABASCO,178
2020-06-03,TAMAULIPAS,72
2020-06-03,TLAXCALA,55
2020-06-03,VERACRUZ DE IGNACIO DE LA LLAVE,191
2020-06-03,YUCATÁN,51
2020-06-03,ZACATECAS,16
2020-06-04,AGUASCALIENTES,44
2020-06-04,BAJA CALIFORNIA,123
2020-06-04,BAJA CALIFORNIA SUR,21
2020-06-04,CAMPECHE,40
2020-06-04,CHIAPAS,101
2020-06-04,CHIHUAHUA,24
2020-06-04,CIUDAD DE MÉXICO,840
2020-06-04,COAHUILA DE ZARAGOZA,68
2020-06-04,COLIMA,9
2020-06-04,DURANGO,39
2020-06-04,GUANAJUATO,210
2020-06-04,GUERRERO,119
2020-06-04,HIDALGO,64
2020-06-04,JALISCO,167
2020-06-04,MICHOACÁN DE OCAMPO,138
2020-06-04,MORELOS,37
2020-06-04,MÉXICO,654
2020-06-04,NAYARIT,29
2020-06-04,NUEVO LEÓN,112
2020-06-04,OAXACA,110
2020-06-04,PUEBLA,167
2020-06-04,QUERÉTARO,43
2020-06-04,QUINTANA ROO,39
2020-06-04,SAN LUIS POTOSÍ,76
2020-06-04,SINALOA,191
2020-06-04,SONORA,167
2020-06-04,TABASCO,186
2020-06-04,TAMAULIPAS,87
2020-06-04,TLAXCALA,54
2020-06-04,VERACRUZ DE IGNACIO DE LA LLAVE,226
2020-06-04,YUCATÁN,43
2020-06-04,ZACATECAS,16
2020-06-05,AGUASCALIENTES,59
2020-06-05,BAJA CALIFORNIA,120
2020-06-05,BAJA CALIFORNIA SUR,22
2020-06-05,CAMPECHE,41
2020-06-05,CHIAPAS,127
2020-06-05,CHIHUAHUA,37
2020-06-05,CIUDAD DE MÉXICO,851
2020-06-05,COAHUILA DE ZARAGOZA,87
2020-06-05,COLIMA,11
2020-06-05,DURANGO,80
2020-06-05,GUANAJUATO,165
2020-06-05,GUERRERO,109
2020-06-05,HIDALGO,65
2020-06-05,JALISCO,209
2020-06-05,MICHOACÁN DE OCAMPO,131
2020-06-05,MORELOS,33
2020-06-05,MÉXICO,676
2020-06-05,NAYARIT,36
2020-06-05,NUEVO LEÓN,127
2020-06-05,OAXACA,83
2020-06-05,PUEBLA,168
2020-06-05,QUERÉTARO,38
2020-06-05,QUINTANA ROO,39
2020-06-05,SAN LUIS POTOSÍ,78
2020-06-05,SINALOA,201
2020-06-05,SONORA,148
2020-06-05,TABASCO,171
2020-06-05,TAMAULIPAS,92
2020-06-05,TLAXCALA,46
2020-06-05,VERACRUZ DE IGNACIO DE LA LLAVE,193
2020-06-05,YUCATÁN,33
2020-06-05,ZACATECAS,17
2020-06-06,AGUASCALIENTES,22
2020-06-06,BAJA CALIFORNIA,79
2020-06-06,BAJA CALIFORNIA SUR,14
2020-06-06,CAMPECHE,20
2020-06-06,CHIAPAS,62
2020-06-06,CHIHUAHUA,14
2020-06-06,CIUDAD DE MÉXICO,434
2020-06-06,COAHUILA DE ZARAGOZA,36
2020-06-06,COLIMA,11
2020-06-06,DURANGO,20
2020-06-06,GUANAJUATO,118
2020-06-06,GUERRERO,79
2020-06-06,HIDALGO,50
2020-06-06,JALISCO,91
2020-06-06,MICHOACÁN DE OCAMPO,72
2020-06-06,MORELOS,11
2020-06-06,MÉXICO,315
2020-06-06,NAYARIT,23
2020-06-06,NUEVO LEÓN,62
2020-06-06,OAXACA,75
2020-06-06,PUEBLA,94
2020-06-06,QUERÉTARO,27
2020-06-06,QUINTANA ROO,23
2020-06-06,SAN LUIS POTOSÍ,53
2020-06-06,SINALOA,143
2020-06-06,SONORA,64
2020-06-06,TABASCO,127
2020-06-06,TAMAULIPAS,71
2020-06-06,TLAXCALA,35
2020-06-06,VERACRUZ DE IGNACIO DE LA LLAVE,110
2020-06-06,YUCATÁN,42
2020-06-06,ZACATECAS,14
2020-06-07,AGUASCALIENTES,24
2020-06-07,BAJA CALIFORNIA,57
2020-06-07,BAJA CALIFORNIA SUR,19
2020-06-07,CAMPECHE,17
2020-06-07,CHIAPAS,65
2020-06-07,CHIHUAHUA,13
2020-06-07,CIUDAD DE MÉXICO,322
2020-06-07,COAHUILA DE ZARAGOZA,40
2020-06-07,COLIMA,3
2020-06-07,DURANGO,18
2020-06-07,GUANAJUATO,71
2020-06-07,GUERRERO,63
2020-06-07,HIDALGO,29
2020-06-07,JALISCO,60
2020-06-07,MICHOACÁN DE OCAMPO,34
2020-06-07,MORELOS,9
2020-06-07,MÉXICO,318
2020-06-07,NAYARIT,17
2020-06-07,NUEVO LEÓN,37
2020-06-07,OAXACA,44
2020-06-07,PUEBLA,61
2020-06-07,QUERÉTARO,29
2020-06-07,QUINTANA ROO,28
2020-06-07,SAN LUIS POTOSÍ,48
2020-06-07,SINALOA,97
2020-06-07,SONORA,14
2020-06-07,TABASCO,102
2020-06-07,TAMAULIPAS,57
2020-06-07,TLAXCALA,26
2020-06-07,VERACRUZ DE IGNACIO DE LA LLAVE,97
2020-06-07,YUCATÁN,32
2020-06-07,ZACATECAS,11
2020-06-08,AGUASCALIENTES,70
2020-06-08,BAJA CALIFORNIA,119
2020-06-08,BAJA CALIFORNIA SUR,51
2020-06-08,CAMPECHE,39
2020-06-08,CHIAPAS,123
2020-06-08,CHIHUAHUA,32
2020-06-08,CIUDAD DE MÉXICO,896
2020-06-08,COAHUILA DE ZARAGOZA,117
2020-06-08,COLIMA,12
2020-06-08,DURANGO,67
2020-06-08,GUANAJUATO,160
2020-06-08,GUERRERO,126
2020-06-08,HIDALGO,77
2020-06-08,JALISCO,244
2020-06-08,MICHOACÁN DE OCAMPO,156
2020-06-08,MORELOS,59
2020-06-08,MÉXICO,832
2020-06-08,NAYARIT,39
2020-06-08,NUEVO LEÓN,181
2020-06-08,OAXACA,99
2020-06-08,PUEBLA,242
2020-06-08,QUERÉTARO,50
2020-06-08,QUINTANA ROO,47
2020-06-08,SAN LUIS POTOSÍ,103
2020-06-08,SINALOA,167
2020-06-08,SONORA,14
2020-06-08,TABASCO,272
2020-06-08,TAMAULIPAS,114
2020-06-08,TLAXCALA,63
2020-06-08,VERACRUZ DE IGNACIO DE LA LLAVE,199
2020-06-08,YUCATÁN,82
2020-06-08,ZACATECAS,19
2020-06-09,AGUASCALIENTES,58
2020-06-09,BAJA CALIFORNIA,105
2020-06-09,BAJA CALIFORNIA SUR,38
2020-06-09,CAMPECHE,57
2020-06-09,CHIAPAS,114
2020-06-09,CHIHUAHUA,20
2020-06-09,CIUDAD DE MÉXICO,872
2020-06-09,COAHUILA DE ZARAGOZA,114
2020-06-09,COLIMA,10
2020-06-09,DURANGO,55
2020-06-09,GUANAJUATO,174
2020-06-09,GUERRERO,85
2020-06-09,HIDALGO,98
2020-06-09,JALISCO,199
2020-06-09,MICHOACÁN DE OCAMPO,162
2020-06-09,MORELOS,45
2020-06-09,MÉXICO,555
2020-06-09,NAYARIT,34
2020-06-09,NUEVO LEÓN,112
2020-06-09,OAXACA,89
2020-06-09,PUEBLA,158
2020-06-09,QUERÉTARO,38
2020-06-09,QUINTANA ROO,49
2020-06-09,SAN LUIS POTOSÍ,89
2020-06-09,SINALOA,157
2020-06-09,SONORA,10
2020-06-09,TABASCO,279
2020-06-09,TAMAULIPAS,100
2020-06-09,TLAXCALA,50
2020-06-09,VERACRUZ DE IGNACIO DE LA LLAVE,204
2020-06-09,YUCATÁN,62
2020-06-09,ZACATECAS,27
2020-06-10,AGUASCALIENTES,58
2020-06-10,BAJA CALIFORNIA,108
2020-06-10,BAJA CALIFORNIA SUR,40
2020-06-10,CAMPECHE,55
2020-06-10,CHIAPAS,91
2020-06-10,CHIHUAHUA,19
2020-06-10,CIUDAD DE MÉXICO,778
2020-06-10,COAHUILA DE ZARAGOZA,74
2020-06-10,COLIMA,10
2020-06-10,DURANGO,48
2020-06-10,GUANAJUATO,131
2020-06-10,GUERRERO,71
2020-06-10,HIDALGO,60
2020-06-10,JALISCO,159
2020-06-10,MICHOACÁN DE OCAMPO,121
2020-06-10,MORELOS,43
2020-06-10,MÉXICO,396
2020-06-10,NAYARIT,33
2020-06-10,NUEVO LEÓN,152
2020-06-10,OAXACA,87
2020-06-10,PUEBLA,183
2020-06-10,QUERÉTARO,36
2020-06-10,QUINTANA ROO,54
2020-06-10,SAN LUIS POTOSÍ,71
2020-06-10,SINALOA,122
2020-06-10,SONORA,8
2020-06-10,TABASCO,301
2020-06-10,TAMAULIPAS,141
2020-06-10,TLAXCALA,53
2020-06-10,VERACRUZ DE IGNACIO DE LA LLAVE,151
2020-06-10,YUCATÁN,71
2020-06-10,ZACATECAS,33
2020-06-11,AGUASCALIENTES,50
2020-06-11,BAJA CALIFORNIA,75
2020-06-11,BAJA CALIFORNIA SUR,22
2020-06-11,CAMPECHE,43
2020-06-11,CHIAPAS,68
2020-06-11,CHIHUAHUA,11
2020-06-11,CIUDAD DE MÉXICO,685
2020-06-11,COAHUILA DE ZARAGOZA,59
2020-06-11,COLIMA,14
2020-06-11,DURANGO,52
2020-06-11,GUANAJUATO,131
2020-06-11,GUERRERO,37
2020-06-11,HIDALGO,58
2020-06-11,JALISCO,147
2020-06-11,MICHOACÁN DE OCAMPO,103
2020-06-11,MORELOS,40
2020-06-11,MÉXICO,250
2020-06-11,NAYARIT,43
2020-06-11,NUEVO LEÓN,108
2020-06-11,OAXACA,94
2020-06-11,PUEBLA,238
2020-06-11,QUERÉTARO,26
2020-06-11,QUINTANA ROO,56
2020-06-11,SAN LUIS POTOSÍ,65
2020-06-11,SINALOA,63
2020-06-11,SONORA,6
2020-06-11,TABASCO,232
2020-06-11,TAMAULIPAS,98
2020-06-11,TLAXCALA,46
2020-06-11,VERACRUZ DE IGNACIO DE LA LLAVE,117
2020-06-11,YUCATÁN,75
2020-06-11,ZACATECAS,16
2020-06-12,AGUASCALIENTES,39
2020-06-12,BAJA CALIFORNIA,26
2020-06-12,BAJA CALIFORNIA SUR,18
2020-06-12,CAMPECHE,7
2020-06-12,CHIAPAS,66
2020-06-12,CHIHUAHUA,1
2020-06-12,CIUDAD DE MÉXICO,530
2020-06-12,COAHUILA DE ZARAGOZA,38
2020-06-12,COLIMA,11
2020-06-12,DURANGO,36
2020-06-12,GUANAJUATO,139
2020-06-12,GUERRERO,30
2020-06-12,HIDALGO,63
2020-06-12,JALISCO,102
2020-06-12,MICHOACÁN DE OCAMPO,9
2020-06-12,MORELOS,30
2020-06-12,MÉXICO,130
2020-06-12,NAYARIT,49
2020-06-12,NUEVO LEÓN,74
2020-06-12,OAXACA,86
2020-06-12,PUEBLA,207
2020-06-12,QUERÉTARO,33
2020-06-12,QUINTANA ROO,46
2020-06-12,SAN LUIS POTOSÍ,49
2020-06-12,SINALOA,20
2020-06-12,SONORA,1
2020-06-12,TABASCO,201
2020-06-12,TAMAULIPAS,127
2020-06-12,TLAXCALA,36
2020-06-12,VERACRUZ DE IGNACIO DE LA LLAVE,82
2020-06-12,YUCATÁN,58
2020-06-12,ZACATECAS,19
2020-06-13,AGUASCALIENTES,7
2020-06-13,BAJA CALIFORNIA,33
2020-06-13,BAJA CALIFORNIA SUR,15
2020-06-13,CAMPECHE,4
2020-06-13,CHIAPAS,15
2020-06-13,CIUDAD DE MÉXICO,139
2020-06-13,COAHUILA DE ZARAGOZA,7
2020-06-13,COLIMA,8
2020-06-13,DURANGO,7
2020-06-13,GUANAJUATO,59
2020-06-13,GUERRERO,12
2020-06-13,HIDALGO,21
2020-06-13,JALISCO,43
2020-06-13,MICHOACÁN DE OCAMPO,2
2020-06-13,MORELOS,7
2020-06-13,MÉXICO,41
2020-06-13,NAYARIT,21
2020-06-13,NUEVO LEÓN,26
2020-06-13,OAXACA,34
2020-06-13,PUEBLA,90
2020-06-13,QUERÉTARO,26
2020-06-13,QUINTANA ROO,19
2020-06-13,SAN LUIS POTOSÍ,6
2020-06-13,SINALOA,2
2020-06-13,SONORA,1
2020-06-13,TAMAULIPAS,54
2020-06-13,TLAXCALA,14
2020-06-13,VERACRUZ DE IGNACIO DE LA LLAVE,38
2020-06-13,YUCATÁN,35
2020-06-13,ZACATECAS,15
2020-06-14,AGUASCALIENTES,5
2020-06-14,BAJA CALIFORNIA,13
2020-06-14,BAJA CALIFORNIA SUR,12
2020-06-14,CAMPECHE,1
2020-06-14,CHIHUAHUA,1
2020-06-14,CIUDAD DE MÉXICO,80
2020-06-14,COAHUILA DE ZARAGOZA,2
2020-06-14,COLIMA,4
2020-06-14,DURANGO,4
2020-06-14,GUANAJUATO,15
2020-06-14,GUERRERO,10
2020-06-14,HIDALGO,25
2020-06-14,JALISCO,8
2020-06-14,MICHOACÁN DE OCAMPO,1
2020-06-14,MÉXICO,19
2020-06-14,NAYARIT,9
2020-06-14,NUEVO LEÓN,24
2020-06-14,OAXACA,32
2020-06-14,PUEBLA,52
2020-06-14,QUERÉTARO,14
2020-06-14,QUINTANA ROO,12
2020-06-14,SAN LUIS POTOSÍ,2
2020-06-14,SINALOA,3
2020-06-14,TAMAULIPAS,7
2020-06-14,TLAXCALA,7
2020-06-14,VERACRUZ DE IGNACIO DE LA LLAVE,11
2020-06-14,YUCATÁN,18
2020-06-14,ZACATECAS,8
2020-06-15,AGUASCALIENTES,3
2020-06-15,BAJA CALIFORNIA,4
2020-06-15,BAJA CALIFORNIA SUR,9
2020-06-15,CIUDAD DE MÉXICO,19
2020-06-15,COAHUILA DE ZARAGOZA,5
2020-06-15,DURANGO,7
2020-06-15,GUANAJUATO,12
2020-06-15,HIDALGO,32
2020-06-15,JALISCO,5
2020-06-15,MICHOACÁN DE OCAMPO,1
2020-06-15,MÉXICO,12
2020-06-15,NUEVO LEÓN,34
2020-06-15,PUEBLA,6
2020-06-15,QUERÉTARO,4
2020-06-15,SINALOA,2
2020-06-15,SONORA,1
2020-06-15,TAMAULIPAS,1
2020-06-15,TLAXCALA,2
2020-06-15,VERACRUZ DE IGNACIO DE LA LLAVE,1
2020-06-15,YUCATÁN,22
2020-06-15,ZACATECAS,2
2020-06-16,CIUDAD DE MÉXICO,1
2020-06-16,COAHUILA DE ZARAGOZA,4
2020-06-16,DURANGO,1
2020-06-16,JALISCO,1
2020-06-16,MICHOACÁN DE OCAMPO,4
2020-06-16,MÉXICO,2
2020-06-16,NUEVO LEÓN,1
2020-06-16,PUEBLA,1
2020-06-16,YUCATÁN,2
